,text,created_date,latitude,longitude,retweet,polarity
0,"RT @thewire_in: In April 2018, BJP MLA Kuldeep Singh Sengar from Unnao was arrested for kidnapping and raping a woman. 

Shortly after, the‚Ä¶",2019-04-24 14:25:58,,,460,Neutral
1,"RT @srivatsayb: ""BJP is denying vocal Dalit members like Udit Raj tickets because they just won‚Äôt fall in line""

This is absolutely true. B‚Ä¶",2019-04-24 14:25:57,,,37,Positive
2,@NewsHtn Ignore .. after all it's a BJP spokesperson !,2019-04-24 14:25:56,,,0,Neutral
3,"RT @firstpost: On joining #Congress, Udit Raj claimed that the #BJP did not give him a ticket as he had spoken out in support of the Dalits‚Ä¶",2019-04-24 14:25:54,,,4,Neutral
4,"RT @saahilmenghani: THREAD 

@raghav_chadha  will challenge the EC official's decision to 'wrongfully' accept the nomination of BJP candida‚Ä¶",2019-04-24 14:25:54,,,4,Neutral
5,So as long as the actors are Hindus and they are working for BJP they can endorse or campaign openly despite being‚Ä¶ https://t.co/prQKSPGijI,2019-04-24 14:25:54,,,0,Negative
6,TRS chief to resume efforts on non-Cong non-BJP front https://t.co/QW4x1A1WN3,2019-04-24 14:25:53,78.3897718, 17.3013989,0,Neutral
7,"RT @KanchanGupta: This turnout for #ModiRally at Ranaghat in #WestBengal tells a story. Before 'Poriborton' (Change), TMC had coined the sl‚Ä¶",2019-04-24 14:25:53,,,455,Neutral
8,BJP government used investigative agencies for political vendetta: Puducherry CM V Narayanasamy - ANI News‚Ä¶ https://t.co/t3KgSHU543,2019-04-24 14:25:51,,,0,Neutral
9,"RT @BJP4JnK: #BharatMangeModiDobara

Each poll further strengthening democracy in J&amp;K : BJP National Vice-President &amp; J&amp;K Prabhari Sh. @ImA‚Ä¶",2019-04-24 14:25:50,,,12,Neutral
10,"RT @narendramodi: Didi will again be angry today, seeing the immense support for BJP in West Bengal. Watch from Bolpur. https://t.co/fUrfsh‚Ä¶",2019-04-24 14:25:50,,,4060,Negative
11,"@dhruv_rathee @chaitanyamlad Hahahaha what a joke... in your every video you talk about BJP, you show varanasi but‚Ä¶ https://t.co/nZhL4ubWOs",2019-04-24 14:25:48,,,0,Positive
12,@ashokepandit @AzmiShabana @RichaChadha @ReallySwara @nanditadas @varungrover @Ayeshatakia They may be hiding for h‚Ä¶ https://t.co/8iW3QBsGde,2019-04-24 14:25:48,,,0,Neutral
13,"RT @narendramodi: Didi will again be angry today, seeing the immense support for BJP in West Bengal. Watch from Bolpur. https://t.co/fUrfsh‚Ä¶",2019-04-24 14:25:47,,,4060,Negative
14,"RT @itsAdityaS: #RajThackeray just destroyed the lies of BJP IT wing, he invited a family on stage, their personal photo was misused by BJP‚Ä¶",2019-04-24 14:25:46,,,2098,Neutral
15,"RT @narendramodi: Those born in the 21st century, our first time voters have only seen BJD misrule. 

A vote for BJP in Odisha is a vote to‚Ä¶",2019-04-24 14:25:46,,,3041,Positive
16,@taliskerlover Modi is more popular in UP/ raj/ Bihar than gujarat.  I expect bjp to do not so great in rural guj.‚Ä¶ https://t.co/eyfSqm1FK6,2019-04-24 14:25:45,,,0,Positive
17,RT @ashoupadhyay: A day after Harish Rawat claimed that Modi would lose if Priyanka contested against him as his horoscope had kalsarpa yog‚Ä¶,2019-04-24 14:25:44,,,2,Neutral
18,"@Bhupeshp_IND Thanks My dear Young BJP Friend Bhai Bhupesh
#BharatMangeModiDobara",2019-04-24 14:25:44,,,0,Positive
19,"RT @saahilmenghani: @raghav_chadha @news18dotcom AAP tells me it is a fit case for legal challenge on following grounds-

1. BJP's Bidhuri‚Ä¶",2019-04-24 14:25:44,,,1,Positive
20,@Ramanju95621555 @archu243 @RahulGandhi To bjp to criminal ki Sena hai,2019-04-24 14:25:43,,,0,Negative
21,@HiteshAwasthi20 @Hema_quotes @kajal_jaihind @RiseofBurnol @MrsGandhi @SarojMi86385397 @vagishasoni @ExSecular‚Ä¶ https://t.co/q4WeX8PCcr,2019-04-24 14:25:43,,,0,Neutral
22,@OfficialUrmila @JhaSanjay While looking at her selection of script one can easily understand y she prioritized Congress over BJP.,2019-04-24 14:25:43,,,0,Positive
23,RT @GauravPandhi: Not just the claim of Vikas but their advertisements too are fake. Well done @RajThackeray in exposing the lies of the BJ‚Ä¶,2019-04-24 14:25:41,,,334,Highly Negative
24,RT @rvaidya2000: Crazy TN chnnls:In adjacent SL Islamist Jihadis bombed at killed 350 +ppl in Churches and hotels--These breaking India for‚Ä¶,2019-04-24 14:25:40,,,189,Negative
25,"RT @narendramodi: Didi will again be angry today, seeing the immense support for BJP in West Bengal. Watch from Bolpur. https://t.co/fUrfsh‚Ä¶",2019-04-24 14:25:38,,,4060,Negative
26,"Drama guy who is useless to BJP now as he has been caught red handed asking for money. 
Now Congress became scapego‚Ä¶ https://t.co/NmAw9TzRaU",2019-04-24 14:25:34,-0.627464, 51.652719,0,Negative
27,"RT @narendramodi: Didi will again be angry today, seeing the immense support for BJP in West Bengal. Watch from Bolpur. https://t.co/fUrfsh‚Ä¶",2019-04-24 14:25:33,,,4060,Negative
28,RT @NehaShalini2: https://t.co/WgPPoTU5X7 Neha Shalini dua Bjp spokesperson said that congress is with corruption at Sahara news please wat‚Ä¶,2019-04-24 14:25:32,,,9,Neutral
29,"RT @thewire_in: .@narendramodi's 'Beti Bachao, Beti Padhao' was another flat balloon: 56% of the money went on publicity. And only 24% of f‚Ä¶",2019-04-24 14:25:32,,,70,Negative
30,RT @AnandKochukudy: Congress back in the fight in BJP strongholds in Madhya Pradesh  @indscribe reports https://t.co/2FSjWHcE64,2019-04-24 14:25:32,,,6,Neutral
31,RT @BDUTT: On #DemocracyLive :#ModiwithAkshay - 'Airlift' for BJP? We discuss Modi &amp; Art of Political Communication with @seemagoswami @DIL‚Ä¶,2019-04-24 14:25:31,,,6,Neutral
32,@ManyaPande Alas! BJP has no young teenager props like Sonia scion. https://t.co/lEZSRUSWP7,2019-04-24 14:25:31,80.658613, 26.642291,0,Negative
33,EC initiates steps to take down trailers of Mamata Banerjee biopic from websites after BJP's complaint - Republic W‚Ä¶ https://t.co/JKvYZFQ4mG,2019-04-24 14:25:31,,,0,Negative
34,RT @iMohit_Sharma: #Breaking: BJP's South Delhi candidate @rameshbidhuri's nomination also accepted by EC. @AamAadmiParty's @raghav_chadha‚Ä¶,2019-04-24 14:25:31,,,1,Neutral
35,RT @abpnewstv: BJP has fielded Thakur as its Lok Sabha candidate from Bhopal in Madhya Pradesh to take on Congress veteran Digvijay Singh h‚Ä¶,2019-04-24 14:25:29,,,6,Neutral
36,"RT @BJP4India: To remove 'Speed-breaker' Didi, you will have to strengthen this Chowkidaar. 

I urge you to go and vote for BJP: PM Shri @n‚Ä¶",2019-04-24 14:25:28,,,181,Neutral
37,"RT @BJP4India: Violence and suppression can't scare the karyakartas of BJP. If we were scared, a party of two elected representative wouldn‚Ä¶",2019-04-24 14:25:28,,,127,Neutral
38,"RT @thewire_in: .@narendramodi's 'Beti Bachao, Beti Padhao' was another flat balloon: 56% of the money went on publicity. And only 24% of f‚Ä¶",2019-04-24 14:25:27,,,70,Negative
39,"RT @kiran_babu24: BJP Model
Gujarat Farmers are getting 24 hours Electricity For Irrigation
Getting Enough water for Irrigation

Congress M‚Ä¶",2019-04-24 14:25:27,,,1,Neutral
40,BJP controlled EC removed SIT officer probing firing cases: Capt Amarinder Singh https://t.co/XxFULvMOMK,2019-04-24 14:25:26,,,0,Neutral
41,"RT @rupagulab: After Tom Vaddakan &amp; Priyanka Chaturvedi‚Äôs defection to Hindutva parties, BJP spokies are having fun. They apparently tell c‚Ä¶",2019-04-24 14:25:26,,,93,Positive
42,RT @BJP4India: Your one vote will decide if our daughters will make our country proud or will have to put up with the tyranny of the goons.‚Ä¶,2019-04-24 14:25:25,,,23,Highly Positive
43,RT @RealHistoryPic: Raj Thackeray invited the family on the stage whose image was used by BJP IT cell to show development of Modi. üòÇüòÇüòÇüòÇüòÇüòÇüòÇüòÇ‚Ä¶,2019-04-24 14:25:24,,,3212,Neutral
44,"RT @republic: #May23WithArnab | BJP's Chandra Kumar Bose accuses Kolkata Police of inaction; says, ""I would've been murdered, if my party w‚Ä¶",2019-04-24 14:25:24,,,34,Neutral
45,"RT @ShashankMukut: No water for farming.
Farming has become a loss making job.

While Mallya and Nirav Modi fled away with crores of rupees‚Ä¶",2019-04-24 14:25:24,,,3,Neutral
46,BJP Leaders Get ‚ÄòTrendy Hairstyles‚Äô After Jawed Habib Joins the¬†Party https://t.co/oLHnqmA6Uf https://t.co/O7TwsnJ3rO,2019-04-24 14:25:23,,,0,Highly Positive
47,"RT @Nehr_who: BJP candidates Speech:

RS katheria: Will cut fingers raised on us

Satpal Singh: Will chop off arms raised on Modi

Manoj Si‚Ä¶",2019-04-24 14:25:23,,,54,Neutral
48,RT @Being_Humor: Anil Kapoor more openly supporting BJP after Javed Habib joined BJP https://t.co/lYwtNCxJVp,2019-04-24 14:25:22,,,108,Positive
49,"RT @raghav_chadha: I will be moving the Delhi High Court against wrongful acceptance of nomination papers of BJP's South Delhi Candidate, R‚Ä¶",2019-04-24 14:25:20,,,48,Positive
50,"RT @ShekharGupta: Why BJP, Shiv Sena are losing sleep over Raj Thackeray though he‚Äôs not contesting this election

ThePrint's associate edi‚Ä¶",2019-04-24 14:25:19,,,227,Neutral
51,"RT @ANI: BJP MP candidate from Bhopal, Pragya Singh Thakur on NIA court rejecting plea to ban her from contesting LS poll: Congress has bee‚Ä¶",2019-04-24 14:25:19,,,177,Neutral
52,"RT @ShekharGupta: A Bengal village shows India how to do it...

‚ÄòA fine Ram temple built by Hindus, Muslims, Christians &amp; Sikhs is Bengal‚Äôs‚Ä¶",2019-04-24 14:25:15,,,101,Positive
53,@AamAadmiParty @VishalDadlani @AAPGuganSingh It seems like only #BJP is fighting elections to make #Government othe‚Ä¶ https://t.co/5g65QDKYfS,2019-04-24 14:25:15,,,0,Neutral
54,"PC or NO PC! 
After some news channels Big breaking on PM Narendra Modi's press conference on 26th April, BJP has o‚Ä¶ https://t.co/Dd2uN2QwXJ",2019-04-24 14:25:14,,,0,Neutral
55,RT @BJP4India: Your one vote will decide if our daughters will make our country proud or will have to put up with the tyranny of the goons.‚Ä¶,2019-04-24 14:25:13,,,23,Highly Positive
56,"RT @raghav_chadha: I will be moving the Delhi High Court against wrongful acceptance of nomination papers of BJP's South Delhi Candidate, R‚Ä¶",2019-04-24 14:25:13,,,48,Positive
57,RT @abpnewstv: It doesn't matter if my speeches benefit the Cong-NCP but BJP should not gain at any cost. The government is run by just 2 p‚Ä¶,2019-04-24 14:25:11,,,129,Neutral
58,RT @Vishj05: Akshay Kumar showed Modi ji Photoshopped image by Krishna. Modi ji was surprised that despite such brilliant photoshopping ski‚Ä¶,2019-04-24 14:25:11,,,35,Positive
59,"RT @raghav_chadha: I will be moving the Delhi High Court against wrongful acceptance of nomination papers of BJP's South Delhi Candidate, R‚Ä¶",2019-04-24 14:25:10,,,48,Positive
60,RT @rose_k01: BJP goes a step further in RUBBING SALT in Digvijaya Singh WOUNDS üòÇüòÇ Honours the Gulabi Shirt Hero Amit Mali who trolled #Dig‚Ä¶,2019-04-24 14:25:09,,,1226,Neutral
61,@i_marwadi You caught the bjp philosophy.,2019-04-24 14:25:09,,,0,Neutral
62,RT @JantaKaReporter: BJP denies reports of Modi holding his first ever press conference https://t.co/WJEWmg6n6n,2019-04-24 14:25:08,,,20,Positive
63,"Amitjee , after TMC's wash out from WB pl don't allow the rotten TMC party cadres at bottom level otherwise your pa‚Ä¶ https://t.co/ObYVi3WE5G",2019-04-24 14:25:07,88.406862, 22.873953,0,Neutral
64,"RT @TheKamDevBaba: Parody on Modi vs Nehru. 
BJP Loves to Blame Nehru on Everything, so we made this Hilarious Parody on them. 
Please Retw‚Ä¶",2019-04-24 14:25:07,,,598,Highly Positive
65,"In Rally After Rally, Modi is Using Balakot to Seek Votes; What is The EC Doing? Asks Yogendra Yadav‚Ä¶ https://t.co/rwiWgmjvO8",2019-04-24 14:25:07,,,0,Neutral
66,"RT @FriedrichPieter: India's internationally famous progressive writer #ArundhatiRoy warns ""We're up against a fascist regime in India,"" ad‚Ä¶",2019-04-24 14:25:06,,,128,Highly Positive
67,"RT @ashu111288: Since current karnataka Govt. cannot fight straight with BJP leaders, 

they attack at the party workers. 

Why did they ev‚Ä¶",2019-04-24 14:25:05,,,284,Positive
68,"RT @BJP4India: No one can imagine such a huge rally of BJP in West Bengal.

After few phases of elections, Didi has lost the 'little hope'‚Ä¶",2019-04-24 14:25:04,,,192,Positive
69,"@TimesNow @RShivshankar Official BJP propaganda channels Republic TV, Times Now and Doordarshan must be excluded if‚Ä¶ https://t.co/d3AkFL7vc6",2019-04-24 14:25:04,,,0,Negative
70,"RT @narendramodi: Didi will again be angry today, seeing the immense support for BJP in West Bengal. Watch from Bolpur. https://t.co/fUrfsh‚Ä¶",2019-04-24 14:25:04,,,4061,Negative
71,@narendramodi vote for modi Vote for Bjp https://t.co/cr5aZfiim3,2019-04-24 14:25:04,,,0,Neutral
72,"RT @__Bhakts_Buztr: Case # 678 
#RIH @E_Loveda

Suspended by @Twitter
Reported by #TeamBB 

Another A/c created &amp; operated by BJP IT cell t‚Ä¶",2019-04-24 14:25:04,,,8,Neutral
73,"RT @narendramodi: Didi will again be angry today, seeing the immense support for BJP in West Bengal. Watch from Bolpur. https://t.co/fUrfsh‚Ä¶",2019-04-24 14:25:03,,,4061,Negative
74,"RT @narendramodi: Didi will again be angry today, seeing the immense support for BJP in West Bengal. Watch from Bolpur. https://t.co/fUrfsh‚Ä¶",2019-04-24 14:25:02,,,4061,Negative
75,RT @JantaKaReporter: BJP denies reports of Modi holding his first ever press conference https://t.co/WJEWmg6n6n,2019-04-24 14:25:01,,,20,Positive
76,RT @BJP4India: Your one vote will decide if our daughters will make our country proud or will have to put up with the tyranny of the goons.‚Ä¶,2019-04-24 14:24:59,,,24,Highly Positive
77,"RT @raghav_chadha: I will be moving the Delhi High Court against wrongful acceptance of nomination papers of BJP's South Delhi Candidate, R‚Ä¶",2019-04-24 14:24:59,,,48,Positive
78,"@raghav_chadha @news18dotcom AAP tells me it is a fit case for legal challenge on following grounds-

1. BJP's Bidh‚Ä¶ https://t.co/oniUBVRwHk",2019-04-24 14:24:58,,,1,Positive
79,RT @BJP4India: Your one vote will decide if our daughters will make our country proud or will have to put up with the tyranny of the goons.‚Ä¶,2019-04-24 14:24:58,,,24,Highly Positive
80,"RT @Nehr_who: BJP candidates Speech:

RS katheria: Will cut fingers raised on us

Satpal Singh: Will chop off arms raised on Modi

Manoj Si‚Ä¶",2019-04-24 14:24:57,,,54,Neutral
81,IIT-Bombay Draws Criticism for Calling People Who Vote for BJP ‚ÄòStupid‚Äô on¬†Twitter https://t.co/MBceDmQUwZ https://t.co/LSRqT5N4lZ,2019-04-24 14:24:56,,,0,Highly Negative
82,"RT @ilavenil_: Sunny joins BJP

Expectation vs Reality https://t.co/MxOcsQMpbb",2019-04-24 14:24:55,,,4,Neutral
83,RT @Being_Humor: Anil Kapoor more openly supporting BJP after Javed Habib joined BJP https://t.co/lYwtNCxJVp,2019-04-24 14:24:55,,,108,Positive
84,"RT @raghav_chadha: I will be moving the Delhi High Court against wrongful acceptance of nomination papers of BJP's South Delhi Candidate, R‚Ä¶",2019-04-24 14:24:55,,,48,Positive
85,"RT @CTRavi_BJP: If Nationalist @mvmeet can send shivers to CONgress and JD (S), one can only imagine what kind of nightmare PM Narendra Mod‚Ä¶",2019-04-24 14:24:54,,,168,Positive
86,RT @rvaidya2000: Crazy TN chnnls:In adjacent SL Islamist Jihadis bombed at killed 350 +ppl in Churches and hotels--These breaking India for‚Ä¶,2019-04-24 14:24:54,,,189,Negative
87,"RT @NH_India: #MaharashtraNavnirmanSena President #RajThackeray on Tuesday claimed there is ""no wave now like 2014"" for #PMModi and the Bha‚Ä¶",2019-04-24 14:24:53,,,99,Neutral
88,"RT @AnupamConnects: Police complaint lodged against BJP IT cell chief and a portal named 'Frustrated Indian' at the office of DCP Crime, Ka‚Ä¶",2019-04-24 14:24:52,,,753,Highly Negative
89,"RT @ShashiTharoor: As we enter the last phases of this election, it is time to recall again @pbmehta's dire warning: ""the BJP stand for eve‚Ä¶",2019-04-24 14:24:49,,,143,Neutral
90,RT @TimesNow: UPDATE: BJP clarifies saying there's no press conference scheduled for 26 April of PM @narendramodi https://t.co/x1VJvRyhDF,2019-04-24 14:24:49,,,45,Neutral
91,"RT @OpIndia_com: Congress leader Ajay Singh calls BJP MP Riti Pathak ‚ÄúMaal‚Äù
https://t.co/vWTeEyscDU",2019-04-24 14:24:49,,,71,Neutral
92,"RT @sohinigr: Effect of Javed Habib joining the BJP - too cool!

(Received via WA) https://t.co/sNfPXeUj1C",2019-04-24 14:24:47,,,22,Positive
93,RT @virsanghvi: My piece:At a personal level I feel sorry for LK Advani but never forget that without Advani there would be no Modi. It was‚Ä¶,2019-04-24 14:24:46,,,163,Negative
94,"RT @narendramodi: Didi will again be angry today, seeing the immense support for BJP in West Bengal. Watch from Bolpur. https://t.co/fUrfsh‚Ä¶",2019-04-24 14:24:45,,,4061,Negative
95,RT @akashbanerjee: .... basically the entire BJP election strategy for 2019. https://t.co/345d9SP5Qz,2019-04-24 14:24:43,,,926,Neutral
96,"RT @narendramodi: Didi will again be angry today, seeing the immense support for BJP in West Bengal. Watch from Bolpur. https://t.co/fUrfsh‚Ä¶",2019-04-24 14:24:42,,,4061,Negative
97,RT @arunjaitley: Excellent example of teamwork in our government ‚Å¶@narendramodi‚Å© ‚Å¶@SushmaSwaraj‚Å© https://t.co/9kHTOBPX6x,2019-04-24 14:24:42,,,1527,Highly Positive
98,"RT @raghav_chadha: I will be moving the Delhi High Court against wrongful acceptance of nomination papers of BJP's South Delhi Candidate, R‚Ä¶",2019-04-24 14:24:39,,,48,Positive
99,RT @NH_India: #RJD leader Tejashwi Yadav reacted strongly against Union Minister and #BJP leader Giriraj Singh for saying the #ElectionComm‚Ä¶,2019-04-24 14:24:39,,,18,Positive
100,"RT @raghav_chadha: I will be moving the Delhi High Court against wrongful acceptance of nomination papers of BJP's South Delhi Candidate, R‚Ä¶",2019-04-24 14:24:38,,,48,Positive
101,"@narendramodi But sir, ECI nd central forces hv 2 be more vigilant, bold nd active to prevent rampant violence of e‚Ä¶ https://t.co/Zia6yCa0xT",2019-04-24 14:24:38,,,0,Positive
102,"@INCTharoorian @RahulGandhi BJP
Wants to
See
Farmers dead https://t.co/LM1NkVKxhF",2019-04-24 14:24:38,,,0,Neutral
103,"RT @BJP4India: Bengal has been pushed to such a depressing situation where Didi has 'Mamata' for goons &amp; 'Nirmamata' for the people.

TMC t‚Ä¶",2019-04-24 14:24:35,,,132,Negative
104,"RT @CTRavi_BJP: If Nationalist @mvmeet can send shivers to CONgress and JD (S), one can only imagine what kind of nightmare PM Narendra Mod‚Ä¶",2019-04-24 14:24:34,,,168,Positive
105,@Divya_S_Rathore @vel_jaya @pbhushan1 Self proclaimed champion of righteousness &amp; values like u today r eulogising‚Ä¶ https://t.co/3gWmKK7XkI,2019-04-24 14:24:33,,,0,Neutral
106,RT @thekochipost: Congress back in the fight in BJP strongholds in MP @indscribe reports https://t.co/PUiGN6MqXe,2019-04-24 14:24:33,,,1,Neutral
107,RT @ghanshyam_rg: BJP Leaders Get 'Trendy Hairstyles' After Jawed Habib Joins the Party #BharatKaGarvModi https://t.co/Bvm7uSp6MC,2019-04-24 14:24:32,,,10,Highly Positive
108,RT @free_thinker: BJP has denied reports that the PM has suddenly summoned the courage to address a Press Conference. https://t.co/diq5imQU‚Ä¶,2019-04-24 14:24:30,,,178,Neutral
109,RT @BJP4India: Your one vote will decide if our daughters will make our country proud or will have to put up with the tyranny of the goons.‚Ä¶,2019-04-24 14:24:30,,,24,Highly Positive
110,"RT @BJP4India: No one can imagine such a huge rally of BJP in West Bengal.

After few phases of elections, Didi has lost the 'little hope'‚Ä¶",2019-04-24 14:24:30,,,192,Positive
111,"RT @narendramodi: Didi will again be angry today, seeing the immense support for BJP in West Bengal. Watch from Bolpur. https://t.co/fUrfsh‚Ä¶",2019-04-24 14:24:29,,,4061,Negative
112,RT @majorgauravarya: Accusing ‚Å¶@crpfindia‚Å© of asking people to vote for BJP is something that I never expected even ‚Å¶@MamataOfficial‚Å© to co‚Ä¶,2019-04-24 14:24:28,,,2385,Positive
113,@_Kongu_ @SaffronDalit @vsab49 @BJPTHONDAN @mosquitomani @arvinth_e @tenvenkat @gajamani He is right for KA. He has‚Ä¶ https://t.co/kmMPF56Cup,2019-04-24 14:24:28,,,0,Positive
114,"RT @srivatsayb: ""BJP is denying vocal Dalit members like Udit Raj tickets because they just won‚Äôt fall in line""

This is absolutely true. B‚Ä¶",2019-04-24 14:24:26,,,37,Positive
115,RT @abpnewstv: My view about Narendra Modi has changed because his personality completely changed after becoming PM. Modi has nothing to sa‚Ä¶,2019-04-24 14:24:26,,,74,Positive
116,"RT @DeshGujarat: Record break 64.11% turnout in Lok Sabha elections 2019 in Gujarat, highest ever in state, even more than 2014 'wave elect‚Ä¶",2019-04-24 14:24:25,,,32,Highly Positive
117,RT @akashbanerjee: .... basically the entire BJP election strategy for 2019. https://t.co/345d9SP5Qz,2019-04-24 14:24:25,,,926,Neutral
118,Also I hate bjp with passion no one can make me believe that modi wasn't behind the gujarati riots in 2002,2019-04-24 14:24:25,,,0,Highly Negative
119,"RT @narendramodi: Didi will again be angry today, seeing the immense support for BJP in West Bengal. Watch from Bolpur. https://t.co/fUrfsh‚Ä¶",2019-04-24 14:24:24,,,4061,Negative
120,"RT @Nehr_who: BJP candidates Speech:

RS katheria: Will cut fingers raised on us

Satpal Singh: Will chop off arms raised on Modi

Manoj Si‚Ä¶",2019-04-24 14:24:23,,,54,Neutral
121,RT @BJP4India: Your one vote will decide if our daughters will make our country proud or will have to put up with the tyranny of the goons.‚Ä¶,2019-04-24 14:24:21,,,24,Highly Positive
122,RT @BJP4India: Your one vote will decide if our daughters will make our country proud or will have to put up with the tyranny of the goons.‚Ä¶,2019-04-24 14:24:19,,,24,Highly Positive
123,"RT @BJP4JnK: #BharatKaGarvModi

PDP leaders of Nobra Valley Ladakh joining BJP in presence of Senior Party leader and All Morchas incharge‚Ä¶",2019-04-24 14:24:19,,,45,Neutral
124,RT @republic: #ShahSpeaksToArnab | Stay tuned to Republic TV for an unmissable interview of @AmitShah as the BJP chief speaks to Arnab in V‚Ä¶,2019-04-24 14:24:19,,,5,Neutral
125,"RT @narendramodi: Those born in the 21st century, our first time voters have only seen BJD misrule. 

A vote for BJP in Odisha is a vote to‚Ä¶",2019-04-24 14:24:18,,,3041,Positive
126,"RT @narendramodi: Didi will again be angry today, seeing the immense support for BJP in West Bengal. Watch from Bolpur. https://t.co/fUrfsh‚Ä¶",2019-04-24 14:24:17,,,4061,Negative
127,"Vote Out BJP's Agenda Of Hate 
Lock, Stock, And Barrel!
Vote for Jobs, Education, Healthcare For All! 
Vote for Wea‚Ä¶ https://t.co/PKSoSFq5Rg",2019-04-24 14:24:16,,,0,Highly Negative
128,RT @Dev_Fadnavis: At #VijaySankalpSabha in Satana for BJP Candidate @DrSubhashMoS for Dhule  #BharatKaGarvModi https://t.co/4qp2Cka9F4,2019-04-24 14:24:15,,,170,Neutral
129,"RT @raghav_chadha: I will be moving the Delhi High Court against wrongful acceptance of nomination papers of BJP's South Delhi Candidate, R‚Ä¶",2019-04-24 14:24:14,,,48,Positive
130,RT @ANI: Returning Officer accepts BJP candidate Gautam Gambhir's nomination for the East Delhi parliamentary constituency. AAP and Congres‚Ä¶,2019-04-24 14:24:10,,,187,Neutral
131,RT @scroll_in: Jammu and Kashmir Congress chief Ghulam Ahmad Mir says only his party can safeguard the special status granted to the state‚Ä¶,2019-04-24 14:24:10,,,1,Positive
132,"RT @BJP4India: The more problem Didi creates, the more people will vote for BJP. 

I'd like to tell the karyakartas of BJP that you're the‚Ä¶",2019-04-24 14:24:09,,,273,Highly Positive
133,RT @Kailashsaran73: If you want to understand message of Gujarat then see the Valsad seat voting seven assembly segments 3 coastal BJP domi‚Ä¶,2019-04-24 14:24:09,,,1,Neutral
134,"RT @thewire_in: In April 2018, BJP MLA Kuldeep Singh Sengar from Unnao was arrested for kidnapping and raping a woman. 

Shortly after, the‚Ä¶",2019-04-24 14:24:05,,,460,Neutral
135,RT @RealHistoryPic: Raj Thackeray invited the family on the stage whose image was used by BJP IT cell to show development of Modi. üòÇüòÇüòÇüòÇüòÇüòÇüòÇüòÇ‚Ä¶,2019-04-24 14:24:05,,,3212,Neutral
136,"RT @indscribe: While Digvijaya toured the constituency, met community leaders, even came up with vision document for Bhopal, BJP took a lon‚Ä¶",2019-04-24 14:24:02,,,1,Neutral
137,RT @digvijaya_28: The nation is united against the dishonouring of a well respected Martyr by BJP! The anger is palpable and people are una‚Ä¶,2019-04-24 14:24:01,,,478,Negative
138,Your one vote will decide if our daughters will make our country proud or will have to put up with the tyranny of t‚Ä¶ https://t.co/UYB7g7cnnv,2019-04-24 14:24:00,,,24,Highly Positive
139,"RT @ShekharGupta: Why BJP, Shiv Sena are losing sleep over Raj Thackeray though he‚Äôs not contesting this election

ThePrint's associate edi‚Ä¶",2019-04-24 14:24:00,,,227,Neutral
140,RT @Dev_Fadnavis: At #VijaySankalpSabha in Satana for BJP Candidate @DrSubhashMoS for Dhule  #BharatKaGarvModi https://t.co/4qp2Cka9F4,2019-04-24 14:23:59,,,170,Neutral
141,"RT @TIP_Pradhanjii: BSP supporters in Bareilly, budaun, Aonla voted for BJP after unable to find Elephant symbol on evm machines üòÜüòÜ . 

Aur‚Ä¶",2019-04-24 14:23:59,,,462,Highly Negative
142,RT @akashbanerjee: .... basically the entire BJP election strategy for 2019. https://t.co/345d9SP5Qz,2019-04-24 14:23:59,,,926,Neutral
143,"RT @raghav_chadha: I will be moving the Delhi High Court against wrongful acceptance of nomination papers of BJP's South Delhi Candidate, R‚Ä¶",2019-04-24 14:23:57,,,48,Positive
144,The findings from a pre-poll survey indicate that the BJP is emerging as the second-most preferred political choice‚Ä¶ https://t.co/4znuYWQN5v,2019-04-24 14:23:57,,,0,Neutral
145,"RT @saahilmenghani: THREAD 

@raghav_chadha  will challenge the EC official's decision to 'wrongfully' accept the nomination of BJP candida‚Ä¶",2019-04-24 14:23:57,,,4,Neutral
146,"RT @Nehr_who: BJP candidates Speech:

RS katheria: Will cut fingers raised on us

Satpal Singh: Will chop off arms raised on Modi

Manoj Si‚Ä¶",2019-04-24 14:23:55,,,54,Neutral
147,"RT @__Bhakts_Buztr: Case # 680 
#RIH @nehasiddhwani 

Suspended by @Twitter
Reported by #TeamBB 
Reason : Abusive &amp; Hatemonger
Affiliation‚Ä¶",2019-04-24 14:23:54,,,5,Neutral
148,"RT @raghav_chadha: I will be moving the Delhi High Court against wrongful acceptance of nomination papers of BJP's South Delhi Candidate, R‚Ä¶",2019-04-24 14:23:52,,,48,Positive
149,@News18India @BJP4MP @BJP4India BJP wins Bhopal !,2019-04-24 14:23:52,,,0,Positive
150,"RT @t_d_h_nair: Two doubts:
1. Why do EVMs malfunction where BJP is weaker?
2. Why all the malfunctioning EVMs register vote only for BJP?",2019-04-24 14:23:51,,,3307,Neutral
151,"RT @KanchanGupta: ""You want me to believe that a political alliance with MIM of Asaduddin Owaisi and Muslim League is secular, and BJP is c‚Ä¶",2019-04-24 14:23:51,,,1739,Neutral
152,@MaheishGirri @TajinderBagga @GautamGambhir @narendramodi You are great sir.we proud on you mahesh‚Ä¶ https://t.co/8Ryc3Uff9z,2019-04-24 14:23:49,,,0,Highly Positive
153,RT @akashbanerjee: .... basically the entire BJP election strategy for 2019. https://t.co/345d9SP5Qz,2019-04-24 14:23:49,,,926,Neutral
154,"RT @narendramodi: Didi will again be angry today, seeing the immense support for BJP in West Bengal. Watch from Bolpur. https://t.co/fUrfsh‚Ä¶",2019-04-24 14:23:49,,,4062,Negative
155,RT @Vishj05: Akshay Kumar showed Modi ji Photoshopped image by Krishna. Modi ji was surprised that despite such brilliant photoshopping ski‚Ä¶,2019-04-24 14:23:49,,,36,Positive
156,Will BJP Be Able to Retain Guwahati constituency in 2019? https://t.co/VNkSiSudeL via @YouTube,2019-04-24 14:23:48,,,0,Highly Positive
157,RT @sab_subh_hai: Election Commission checking MCC violation complaints against BJP. https://t.co/qdwkxPEPdc,2019-04-24 14:23:48,,,49,Neutral
158,"RT @thewire_in: In April 2018, BJP MLA Kuldeep Singh Sengar from Unnao was arrested for kidnapping and raping a woman. 

Shortly after, the‚Ä¶",2019-04-24 14:23:47,,,460,Neutral
159,"Look friends 
Vote for modi vote for Bjp #IPL2019 https://t.co/7jPyIN9VMR",2019-04-24 14:23:46,,,0,Neutral
160,@narendramodi Sir. This time I was unable to cast my vote. I didn't get the voter slip. My wife voted BJP but i was‚Ä¶ https://t.co/Nq26Wyf0i1,2019-04-24 14:23:46,,,0,Highly Negative
161,"RT @AmitDas46875141: #AayegaToModiHi 
Today steet corner zp_15 (hooghly loksava)BJP jinabad barat mata ki joy.
@learnerpritom 
@bjp4singur‚Ä¶",2019-04-24 14:23:46,,,1,Highly Positive
162,"RT @BJP4India: Through PM Kisan yojana, we want to provide financial assistance to the farmers of West Bengal. However, they haven't given‚Ä¶",2019-04-24 14:23:45,,,206,Neutral
163,"RT @IamIconoclast: #ChintamaniSpeaks #Elections2019 @Election_in With this kind of polling over a wave election in 2014, what more needs to‚Ä¶",2019-04-24 14:23:44,,,50,Highly Positive
164,"RT @nsitharamanfan: Smt @nsitharaman addresses a huge gathering at Kharagpur in Medinipur Lok Sabha constituency, West Bengal. Shri @DilipG‚Ä¶",2019-04-24 14:23:44,,,127,Positive
165,"@mani1972ias @vinaysreeni @_YogendraYadav TRUST? How?

Has EC given any clarification as to why all the EVM s myste‚Ä¶ https://t.co/Ct6L3po2Gv",2019-04-24 14:23:44,,,0,Neutral
166,RT @JaiveerShergill: Campaign Trail begins off to Jodhpur-2019 is battle between Sacha Jawan-Kisan v/s BJP Baimaan https://t.co/dHCI5iz4l6,2019-04-24 14:23:43,,,338,Neutral
167,"RT @srivatsayb: ""BJP is denying vocal Dalit members like Udit Raj tickets because they just won‚Äôt fall in line""

This is absolutely true. B‚Ä¶",2019-04-24 14:23:41,,,37,Positive
168,"RT @DaaruBaazMehta: BREAKING

After @GautamGambhir , Now BJP's Ramesh Bidhuri's Nomination Papers also ON HOLD and NOT ACCEPTED By EC after‚Ä¶",2019-04-24 14:23:39,,,104,Neutral
169,"RT @raghav_chadha: I will be moving the Delhi High Court against wrongful acceptance of nomination papers of BJP's South Delhi Candidate, R‚Ä¶",2019-04-24 14:23:38,,,48,Positive
170,"RT @bjparvind: Karnataka govt has arrested Mahesh Hegde

Vendetta politics of @hd_kumaraswamy's govt exposes their desperation of loosing e‚Ä¶",2019-04-24 14:23:37,,,138,Neutral
171,"RT @SachinPilot: If the support of the people of Sawai Madhopur is an indicator, the message is clear, the people of Rajasthan &amp; of India a‚Ä¶",2019-04-24 14:23:35,,,386,Positive
172,@SUDHAKARGAROOD @Maheshfeb29 @kishorrajput321 @ganeshplv Pan BJP lach vote kele asnar tu....,2019-04-24 14:23:34,,,0,Neutral
173,"RT @Ish_Bhandari: Even out of power, ‚ÄúLiberals ‚Äú are fascists. 

Minute anyone does anything involving BJP, all his life &amp; work comes under‚Ä¶",2019-04-24 14:23:33,,,333,Neutral
174,Vote against hate. Vote out Modi and BJP. https://t.co/LeyA2Oj0mx,2019-04-24 14:23:33,,,0,Highly Negative
175,"RT @BJP4India: Bengal has been pushed to such a depressing situation where Didi has 'Mamata' for goons &amp; 'Nirmamata' for the people.

TMC t‚Ä¶",2019-04-24 14:23:31,,,132,Negative
176,@ivivek_nambiar Think what is the Thinking level of BJP Ministers. They still think we are fools,2019-04-24 14:23:31,,,0,Neutral
177,"@BJP4India @narendramodi @BJP4Bengal I can‚Äôt believe in such a small town , so may people came to have a glimpse of‚Ä¶ https://t.co/SichjxtX2X",2019-04-24 14:23:31,,,0,Negative
178,RT @RealHistoryPic: Raj Thackeray invited the family on the stage whose image was used by BJP IT cell to show development of Modi. üòÇüòÇüòÇüòÇüòÇüòÇüòÇüòÇ‚Ä¶,2019-04-24 14:23:31,,,3212,Neutral
179,RT @akashbanerjee: .... basically the entire BJP election strategy for 2019. https://t.co/345d9SP5Qz,2019-04-24 14:23:30,,,926,Neutral
180,"RT @raghav_chadha: I will be moving the Delhi High Court against wrongful acceptance of nomination papers of BJP's South Delhi Candidate, R‚Ä¶",2019-04-24 14:23:26,,,48,Positive
181,"RT @jawadtweets: So is this where people of Delhi coming to vote in Delhi?

And do you think after seeing this infrastructure they will sti‚Ä¶",2019-04-24 14:23:24,,,67,Neutral
182,RT @yadavakhilesh: EVMs across India malfunctioning or voting for the BJP. DMs say poll officials untrained to operate EVMs. 350+ being rep‚Ä¶,2019-04-24 14:23:23,,,3030,Neutral
183,"RT @ani_digital: BJP controlled EC removed SIT officer probing firing cases: Capt Amarinder Singh

Read @ANI Story| https://t.co/OTlOxVY2tF‚Ä¶",2019-04-24 14:23:22,,,10,Neutral
184,"RT @raghav_chadha: I will be moving the Delhi High Court against wrongful acceptance of nomination papers of BJP's South Delhi Candidate, R‚Ä¶",2019-04-24 14:23:21,,,48,Positive
185,@goldensurya71 @GokulTalks But I think MH doesn‚Äôt have much competition. Who is strong there except SS and BJP,2019-04-24 14:23:21,,,0,Positive
186,"RT @narendramodi: Didi will again be angry today, seeing the immense support for BJP in West Bengal. Watch from Bolpur. https://t.co/fUrfsh‚Ä¶",2019-04-24 14:23:21,,,4062,Negative
187,"RT @BJP4India: Bengal has been pushed to such a depressing situation where Didi has 'Mamata' for goons &amp; 'Nirmamata' for the people.

TMC t‚Ä¶",2019-04-24 14:23:21,,,132,Negative
188,"RT @Ish_Bhandari: Even out of power, ‚ÄúLiberals ‚Äú are fascists. 

Minute anyone does anything involving BJP, all his life &amp; work comes under‚Ä¶",2019-04-24 14:23:20,,,333,Neutral
189,"RT @samandar_jadon: Congress President @RahulGandhi in Jabalpur, Madhya Pradesh says, ""Murder accused BJP President Amit Shah....waah! kya‚Ä¶",2019-04-24 14:23:20,,,9,Neutral
190,"RT @narendramodi: Didi will again be angry today, seeing the immense support for BJP in West Bengal. Watch from Bolpur. https://t.co/fUrfsh‚Ä¶",2019-04-24 14:23:19,,,4062,Negative
191,RT @TimesNow: UPDATE: BJP clarifies saying there's no press conference scheduled for 26 April of PM @narendramodi https://t.co/x1VJvRyhDF,2019-04-24 14:23:18,,,45,Neutral
192,RT @pbhushan1: Watch:Charges of terror were framed against BJP's Pragya Thakur by court despite U-turn by Modi/Shah's NIA.Public prosecutor‚Ä¶,2019-04-24 14:23:18,,,1284,Neutral
193,BJP Tightening its grip on CONGRESS  üòé https://t.co/pEmNbJ4JXl,2019-04-24 14:23:18,,,0,Neutral
194,"While Digvijaya toured the constituency, met community leaders, even came up with vision document for Bhopal, BJP t‚Ä¶ https://t.co/uvlHZ5R4wM",2019-04-24 14:23:17,,,1,Neutral
195,"Next time someone taunts you that BJP had an ISI agent amongst them, tell them ISI doesn't infiltrate their own org‚Ä¶ https://t.co/cO6Q39uVVi",2019-04-24 14:23:14,,,0,Positive
196,"RT @Nehr_who: BJP candidates Speech:

RS katheria: Will cut fingers raised on us

Satpal Singh: Will chop off arms raised on Modi

Manoj Si‚Ä¶",2019-04-24 14:23:13,,,54,Neutral
197,"RT @madhukishwar: But all we see you do in effect is ""unite against BJP"" . It's convenient to issue pious statements against IS sitting afa‚Ä¶",2019-04-24 14:23:12,,,408,Neutral
198,@BJP4India Jai ho BJP,2019-04-24 14:23:12,,,0,Neutral
199,Such is the fear of TMC cadre that many district level BJP functionaries have made travel reservations for leaving‚Ä¶ https://t.co/Cntkb02zjm,2019-04-24 14:23:11,,,1,Positive
200,"RT @BJP4India: No one can imagine such a huge rally of BJP in West Bengal.

After few phases of elections, Didi has lost the 'little hope'‚Ä¶",2019-04-24 14:23:11,,,193,Positive
201,"RT @DeshGujarat: Record break 64.11% turnout in Lok Sabha elections 2019 in Gujarat, highest ever in state, even more than 2014 'wave elect‚Ä¶",2019-04-24 14:23:10,,,32,Highly Positive
202,"RT @Nehr_who: BJP candidates Speech:

RS katheria: Will cut fingers raised on us

Satpal Singh: Will chop off arms raised on Modi

Manoj Si‚Ä¶",2019-04-24 14:23:09,,,54,Neutral
203,RT @Being_Humor: Anil Kapoor more openly supporting BJP after Javed Habib joined BJP https://t.co/lYwtNCxJVp,2019-04-24 14:23:09,,,108,Positive
204,"RT @ANI: #WATCH Congress President Rahul Gandhi in Jabalpur, Madhya Pradesh says, ""Murder accused BJP President Amit Shah....waah! kya shaa‚Ä¶",2019-04-24 14:23:07,,,1409,Neutral
205,RT @republic: #ShahSpeaksToArnab | Tweet your views and watch BJP party president @AmitShah's fiery interview with Arnab on @Republic_Bhara‚Ä¶,2019-04-24 14:23:07,,,6,Neutral
206,RT @chintan20: Kerala is such a place man !! Jaha par log Left and Congress ko select vote karte Hai election me and they think they have a‚Ä¶,2019-04-24 14:23:07,,,84,Neutral
207,"RT @raghav_chadha: I will be moving the Delhi High Court against wrongful acceptance of nomination papers of BJP's South Delhi Candidate, R‚Ä¶",2019-04-24 14:23:05,,,48,Positive
208,"RT @CTRavi_BJP: If Nationalist @mvmeet can send shivers to CONgress and JD (S), one can only imagine what kind of nightmare PM Narendra Mod‚Ä¶",2019-04-24 14:23:05,,,168,Positive
209,"RT @saahilmenghani: THREAD 

@raghav_chadha  will challenge the EC official's decision to 'wrongfully' accept the nomination of BJP candida‚Ä¶",2019-04-24 14:23:03,,,4,Neutral
210,"RT @OpIndia_com: BJP fields another Dalit from North West Delhi, disgruntled leader who joined Congress calls BJP anti-Dalit

https://t.co/‚Ä¶",2019-04-24 14:23:03,,,38,Neutral
211,"RT @ANI: BJP MP candidate from Bhopal, Pragya Singh Thakur on NIA court rejecting plea to ban her from contesting LS poll: Congress has bee‚Ä¶",2019-04-24 14:23:02,,,177,Neutral
212,RT @kalyanchaubey: Can anybody imagine sitting in Delhi that BJP's rally can be so grand?: PM Shri @narendramodi in Ranaghat #BharatKaGarvM‚Ä¶,2019-04-24 14:23:02,,,74,Highly Positive
213,"RT @t_d_h_nair: Two doubts:
1. Why do EVMs malfunction where BJP is weaker?
2. Why all the malfunctioning EVMs register vote only for BJP?",2019-04-24 14:23:02,,,3307,Neutral
214,"RT @ShekharGupta: A Bengal village shows India how to do it...

‚ÄòA fine Ram temple built by Hindus, Muslims, Christians &amp; Sikhs is Bengal‚Äôs‚Ä¶",2019-04-24 14:22:59,,,101,Positive
215,"RT @BJP4India: The more problem Didi creates, the more people will vote for BJP. 

I'd like to tell the karyakartas of BJP that you're the‚Ä¶",2019-04-24 14:22:57,,,273,Highly Positive
216,RT @Being_Humor: Anil Kapoor more openly supporting BJP after Javed Habib joined BJP https://t.co/lYwtNCxJVp,2019-04-24 14:22:56,,,108,Positive
217,RT @AITCofficial: #BREAKING Cheats exposed. Desperate @BJP4Bengal tweets doctored @mamataofficial video. Why did you edit out next 2 words?‚Ä¶,2019-04-24 14:22:54,,,187,Negative
218,"RT @DeshGujarat: Record break 64.11% turnout in Lok Sabha elections 2019 in Gujarat, highest ever in state, even more than 2014 'wave elect‚Ä¶",2019-04-24 14:22:53,,,32,Highly Positive
219,"RT @OpIndia_com: Congress leader Ajay Singh calls BJP MP Riti Pathak ‚ÄúMaal‚Äù
https://t.co/vWTeEyscDU",2019-04-24 14:22:52,,,71,Neutral
220,"RT @samjawed65: The official twitter handle of BJP Bengal tweets a doctored video of Mamata Banerjee, doesn‚Äôt delete despite being called o‚Ä¶",2019-04-24 14:22:51,,,44,Neutral
221,"RT @IndiaToday: Maharashtra CM @Dev_Fadnavis hits out at Raj Thackeray. Listen in what he said.
(@sardesairajdeep )
Watch the full intervie‚Ä¶",2019-04-24 14:22:51,,,102,Positive
222,"RT @raghav_chadha: I will be moving the Delhi High Court against wrongful acceptance of nomination papers of BJP's South Delhi Candidate, R‚Ä¶",2019-04-24 14:22:51,,,48,Positive
223,"RT @raghav_chadha: I will be moving the Delhi High Court against wrongful acceptance of nomination papers of BJP's South Delhi Candidate, R‚Ä¶",2019-04-24 14:22:51,,,48,Positive
224,"RT @saahilmenghani: THREAD 

@raghav_chadha  will challenge the EC official's decision to 'wrongfully' accept the nomination of BJP candida‚Ä¶",2019-04-24 14:22:50,,,4,Neutral
225,"RT @waglenikhil: In 'election of shame' BJP gets 17 votes from EVM with 9 votes, embarrassed Election Commission changes 'entire set of EVM‚Ä¶",2019-04-24 14:22:49,,,701,Neutral
226,"RT @BhavikaKapoor5: Rapists supporter BJP

https://t.co/KqmNw4go3f",2019-04-24 14:22:49,,,10,Neutral
227,"RT @narendramodi: Didi will again be angry today, seeing the immense support for BJP in West Bengal. Watch from Bolpur. https://t.co/fUrfsh‚Ä¶",2019-04-24 14:22:48,,,4062,Negative
228,"RT @KanchanGupta: This turnout for #ModiRally at Ranaghat in #WestBengal tells a story. Before 'Poriborton' (Change), TMC had coined the sl‚Ä¶",2019-04-24 14:22:46,,,455,Neutral
229,@divyadinkarnow @RifatJawaid No you are not right. No gain in west Bengal but BJP will suffer heavily in UP. It is a ground reality.,2019-04-24 14:22:46,,,0,Negative
230,RT @rvaidya2000: Crazy TN chnnls:In adjacent SL Islamist Jihadis bombed at killed 350 +ppl in Churches and hotels--These breaking India for‚Ä¶,2019-04-24 14:22:45,,,189,Negative
231,"RT @DeshGujarat: Record break 64.11% turnout in Lok Sabha elections 2019 in Gujarat, highest ever in state, even more than 2014 'wave elect‚Ä¶",2019-04-24 14:22:45,,,32,Highly Positive
232,"BJP's Chandra Kumar Bose accuses Kolkata Police of inaction; says, ""I would've been murdered, if my party workers w‚Ä¶ https://t.co/MfpGnpacVF",2019-04-24 14:22:45,,,0,Neutral
233,RT @maryashakil: Sources in the BJP and Govt say that no press conference of the PM is planned in Varanasi. This press release isn‚Äôt correc‚Ä¶,2019-04-24 14:22:45,,,74,Neutral
234,"RT @raghav_chadha: I will be moving the Delhi High Court against wrongful acceptance of nomination papers of BJP's South Delhi Candidate, R‚Ä¶",2019-04-24 14:22:43,,,48,Positive
235,RT @aapkaprithvi: Many people have not physically seen this huge improvement in Government Schools. Once they do see it no reason for them‚Ä¶,2019-04-24 14:22:42,,,169,Positive
236,"BJP, Shiv Sena are losing sleep over @RajThackeray though he's not contesting this election

https://t.co/RHtGUgtxoI",2019-04-24 14:22:39,,,1,Neutral
237,"RT @itsAdityaS: #RajThackeray just destroyed the lies of BJP IT wing, he invited a family on stage, their personal photo was misused by BJP‚Ä¶",2019-04-24 14:22:38,,,2099,Neutral
238,@indiantweeter Very difficult sir. Bjp +NDA will wind up maximum at 260-265.,2019-04-24 14:22:37,,,0,Highly Negative
239,RT @arungiri: Raj Thackeray brings an entire family on stage whose photos have been used by BJP to propagate their message of reducing pove‚Ä¶,2019-04-24 14:22:36,,,1200,Neutral
240,"RT @narendramodi: Didi will again be angry today, seeing the immense support for BJP in West Bengal. Watch from Bolpur. https://t.co/fUrfsh‚Ä¶",2019-04-24 14:22:36,,,4062,Negative
241,"@Ahmed1Hilal @_YogendraYadav @RamaNewDelhi @shahid_siddiqui @ShekharGupta 1. BJP not the 1st,  2nd,  3rd or the nth‚Ä¶ https://t.co/PAHNpvsO9O",2019-04-24 14:22:35,,,0,Neutral
242,RT @RealHistoryPic: It's hilarious how BJP IT Cell is targeting him even though he didn't mention which party's symbol was displayed by VVP‚Ä¶,2019-04-24 14:22:34,,,109,Highly Positive
243,"@UnitedI64472642 Saluti you can read it here: Thread by @Ajeeb_n_garib: ""Atishi Marlena is the candidate of AAP fro‚Ä¶ https://t.co/AuoB43MXYM",2019-04-24 14:22:33,,,0,Neutral
244,RT @KyaUkhaadLega: Car is India and BJP is the driver. Congress is on the opposite side while Kanhaiyyas etc are the free-loading in the ba‚Ä¶,2019-04-24 14:22:29,,,978,Neutral
245,For the last 5 years BJP has done politics of only communal hatred. This time support a leader who believes in the‚Ä¶ https://t.co/lXwYfPS0Rm,2019-04-24 14:22:29,,,0,Neutral
246,"RT @narendramodi: Didi will again be angry today, seeing the immense support for BJP in West Bengal. Watch from Bolpur. https://t.co/fUrfsh‚Ä¶",2019-04-24 14:22:29,,,4062,Negative
247,Atishi Marlena is the candidate of AAP from East Delhi and she's fighting elections against Gautam Gambhir of BJP.‚Ä¶ https://t.co/9Zvvd1rPUM,2019-04-24 14:22:28,,,0,Neutral
248,"@Sunil_Deodhar @narendramodi Support was always there, BJP could not cash in due to it's flip-flop policies with TM‚Ä¶ https://t.co/AvQ5BZOd9G",2019-04-24 14:22:27,,,0,Negative
249,RT @arungiri: Bjp takes down the page containing the advertisement that Raj Thackeray referred in his speech yday. No doubt he s the best f‚Ä¶,2019-04-24 14:22:27,,,265,Positive
250,"RT @raghav_chadha: I will be moving the Delhi High Court against wrongful acceptance of nomination papers of BJP's South Delhi Candidate, R‚Ä¶",2019-04-24 14:22:22,,,49,Positive
251,"RT @Madhurima_ML: #RajuYadav4Ara 
Defeat fascism, defeat BJP &amp; RSS. https://t.co/qPm7wnz4Mr",2019-04-24 14:22:22,,,4,Neutral
252,#Election2019 |Tune in as @Parikshitl speaks to Jaipur rural's Congress candidate Krishna Poonia about her oppositi‚Ä¶ https://t.co/3j2Shsh6uF,2019-04-24 14:22:22,,,0,Neutral
253,"RT @vschanna: P.S.Reddy's predictions contd..

Son's of Kamal Nath and Ghelot to lose.

JDU to lose most of it's seats.

Both ADMK &amp; DMK fr‚Ä¶",2019-04-24 14:22:22,,,8,Highly Positive
254,"RT @raghav_chadha: I will be moving the Delhi High Court against wrongful acceptance of nomination papers of BJP's South Delhi Candidate, R‚Ä¶",2019-04-24 14:22:21,,,49,Positive
255,"@Atheist_Krishna @akshaykumar Criticism of our PM interview given to Akshay kumar,Today all people of India are tha‚Ä¶ https://t.co/tOv57u5YHg",2019-04-24 14:22:20,,,0,Neutral
256,"RT @BJP4India: The more problem Didi creates, the more people will vote for BJP. 

I'd like to tell the karyakartas of BJP that you're the‚Ä¶",2019-04-24 14:22:20,,,273,Highly Positive
257,"It‚Äôs time for ‚Äòghar wapsi‚Äô: BJP, Congress rebels return to fold - Times of India https://t.co/4dnMCnwBBG #Shimla #News",2019-04-24 14:22:20,,,1,Neutral
258,"RT @vschanna: One astrologer P.S.Reddy's predictions received on WhatsApp.

Modi/BJP to get 363
Cong to get less than 55

RahulG to lose fr‚Ä¶",2019-04-24 14:22:19,,,36,Negative
259,"RT @raghav_chadha: I will be moving the Delhi High Court against wrongful acceptance of nomination papers of BJP's South Delhi Candidate, R‚Ä¶",2019-04-24 14:22:18,,,49,Positive
260,RT @SantoshSahar: For the last 5 years BJP has done politics of only communal hatred. This time support a leader who believes in the consti‚Ä¶,2019-04-24 14:22:15,,,3,Neutral
261,"RT @madhukishwar: But all we see you do in effect is ""unite against BJP"" . It's convenient to issue pious statements against IS sitting afa‚Ä¶",2019-04-24 14:22:15,,,408,Neutral
262,"RT @ManoMLA: In order to influence the Voters at a larger level, Mathura - UP, BJP candidate Hema Malini's @dreamgirlhema commercial advt o‚Ä¶",2019-04-24 14:22:14,,,1,Neutral
263,"RT @BJP4India: Bengal has been pushed to such a depressing situation where Didi has 'Mamata' for goons &amp; 'Nirmamata' for the people.

TMC t‚Ä¶",2019-04-24 14:22:12,,,133,Negative
264,"RT @nc24x7: Moradabad: BJP Workers Thrash EC Officer on Voting Day (Video)

In a video shared online, the workers are seen beating up the p‚Ä¶",2019-04-24 14:22:11,,,25,Neutral
265,RT @JantaKaReporter: BJP's IT Cell head Amit Malviya caught spreading doctored video after facing humiliation by Yogendra Yadav in LIVE TV‚Ä¶,2019-04-24 14:22:10,,,315,Positive
266,"@thatsTamil Ambani ku jolly dhan, after election bjp vantha petrol price yehirum.. don't vote bjp alliance.",2019-04-24 14:22:09,,,0,Neutral
267,"RT @cpimlliberation: Vote Out BJP's Agenda Of Hate 
Lock, Stock, And Barrel!
Vote for Jobs, Education, Healthcare For All! 
Vote for Wealth‚Ä¶",2019-04-24 14:22:08,,,21,Highly Negative
268,"THREAD 

@raghav_chadha  will challenge the EC official's decision to 'wrongfully' accept the nomination of BJP can‚Ä¶ https://t.co/nIlH8MotKe",2019-04-24 14:22:07,,,4,Neutral
269,RT @free_thinker: BJP has denied reports that the PM has suddenly summoned the courage to address a Press Conference. https://t.co/diq5imQU‚Ä¶,2019-04-24 14:22:06,,,178,Neutral
270,"RT @itsAdityaS: #RajThackeray just destroyed the lies of BJP IT wing, he invited a family on stage, their personal photo was misused by BJP‚Ä¶",2019-04-24 14:22:06,,,2099,Neutral
271,"RT @vschanna: One astrologer P.S.Reddy's predictions received on WhatsApp.

Modi/BJP to get 363
Cong to get less than 55

RahulG to lose fr‚Ä¶",2019-04-24 14:22:06,,,36,Negative
272,"Fake News Factory and Fake degree are the only two important criteria's to become a ""BJP Certified Nationalist"".‚Ä¶ https://t.co/oyEG1Q1vIb",2019-04-24 14:22:04,,,0,Negative
273,"#EiSamay#Kolkata, ECI show cause West Bengal MOS Ratna Ghosh &amp; Nadia north BJP president for use loss talk in campaign.",2019-04-24 14:22:02,,,0,Neutral
274,@ajaishukla @anureshmp @narendramodi @BJP4India Feeling bad for BJP's Ananth Kumar &amp; Manohar Parrikars family!!!,2019-04-24 14:21:59,,,0,Highly Negative
275,RT @ANI: Returning Officer accepts BJP candidate Gautam Gambhir's nomination for the East Delhi parliamentary constituency. AAP and Congres‚Ä¶,2019-04-24 14:21:59,,,187,Neutral
276,"RT @PUNITKUMARSEN1: @cpimlliberation Vote Out BJP's Agenda Of Hate 
Lock, Stock, And Barrel!
Vote for Jobs, Education, Healthcare For All!‚Ä¶",2019-04-24 14:21:57,,,2,Highly Negative
277,@followaanchal @MaheishGirri @GautamGambhir @narendramodi Yes such a grace!! No bitterness that is what makes BJP s‚Ä¶ https://t.co/1yKP3ZpLbB,2019-04-24 14:21:56,,,0,Neutral
278,"RT @IndianExpress: Himachal BJP chief Satpal Satti again: Will chop off hands of those who raise a finger at PM Modi

https://t.co/Btfhun5B‚Ä¶",2019-04-24 14:21:56,,,14,Neutral
279,RT @aapkaprithvi: Many people have not physically seen this huge improvement in Government Schools. Once they do see it no reason for them‚Ä¶,2019-04-24 14:21:56,,,169,Positive
280,"RT @ShekharGupta: C-Voter poll predicts 220 for BJP now  against 282 in 2014...

BJP will be 80-100 seats shorter of its 2014 mark, the bra‚Ä¶",2019-04-24 14:21:54,,,566,Neutral
281,"No end to political violence in Bengal. A day after 3 were killed, PM Modi lashes out at Mamata, accuses her of unl‚Ä¶ https://t.co/lBeejkhKcm",2019-04-24 14:21:54,,,0,Negative
282,"@LeenaMistrynjcp @DilliDurAst @LangaMahesh With RaGa heading @INCIndia we don't have option. Hence, we are in BJP.‚Ä¶ https://t.co/edqXeKicir",2019-04-24 14:21:54,,,0,Neutral
283,"RT @BJP4India: No one can imagine such a huge rally of BJP in West Bengal.

After few phases of elections, Didi has lost the 'little hope'‚Ä¶",2019-04-24 14:21:54,,,193,Positive
284,"RT @raghav_chadha: I will be moving the Delhi High Court against wrongful acceptance of nomination papers of BJP's South Delhi Candidate, R‚Ä¶",2019-04-24 14:21:54,,,50,Positive
285,"BJP is fully committed to 125 crore citizens of India, dalits included. https://t.co/0M1yE4a9Cc",2019-04-24 14:21:50,,,0,Neutral
286,RT @digvijaya_28: The nation is united against the dishonouring of a well respected Martyr by BJP! The anger is palpable and people are una‚Ä¶,2019-04-24 14:21:50,,,478,Negative
287,"RT @Memeghnad: Raj Thackarey seems to have turned into the physical manifestation of @AltNews.

Fact-checking BJP Live. On stage.
Designed‚Ä¶",2019-04-24 14:21:49,,,683,Positive
288,A first: BJP to contest more seats than Congress https://t.co/cxbtkJSCzB via @timesofindia,2019-04-24 14:21:49,,,0,Positive
289,"RT @amarspks: TMC worker brandished a gun to 'save democracy‚Äô. Why‚Äôs RW outraging over the matter? Don‚Äôt they know, rules to maintain L&amp;O i‚Ä¶",2019-04-24 14:21:48,,,2,Neutral
290,RT @virsanghvi: My piece:At a personal level I feel sorry for LK Advani but never forget that without Advani there would be no Modi. It was‚Ä¶,2019-04-24 14:21:48,,,163,Negative
291,RT @aapkaprithvi: Many people have not physically seen this huge improvement in Government Schools. Once they do see it no reason for them‚Ä¶,2019-04-24 14:21:48,,,169,Positive
292,@Brewkenstein @Ace_Of_Pace Yes he 'was' bjp person,2019-04-24 14:21:47,,,0,Neutral
293,RT @Dev_Fadnavis: At #VijaySankalpSabha in Satana for BJP Candidate @DrSubhashMoS for Dhule  #BharatKaGarvModi https://t.co/4qp2Cka9F4,2019-04-24 14:21:46,,,170,Neutral
294,RT @Ash_Rokzz23: The traditional calculations will not work in constituencies like Budaun. A turn around that nobody will tell. NYOBC coali‚Ä¶,2019-04-24 14:21:45,,,11,Neutral
295,"RT @Memeghnad: Raj Thackarey seems to have turned into the physical manifestation of @AltNews.

Fact-checking BJP Live. On stage.
Designed‚Ä¶",2019-04-24 14:21:42,,,683,Positive
296,"RT @raghav_chadha: I will be moving the Delhi High Court against wrongful acceptance of nomination papers of BJP's South Delhi Candidate, R‚Ä¶",2019-04-24 14:21:41,,,50,Positive
297,RT @ranvijay_cpiml: Raju yadav a young leader speaks on issues. Issues of young India. Whereas BJP has based elections on person and no age‚Ä¶,2019-04-24 14:21:41,,,1,Positive
298,RT @anildharker: Re-enforcing that There Is No Alternative to PM Modi is part of BJP‚Äôs campaign strategy | The Indian Express https://t.co/‚Ä¶,2019-04-24 14:21:39,,,51,Neutral
299,"Free &amp; Equitable Healthcare is the Right of every citizen.

Let's fight to get rid of policies of privatization, to‚Ä¶ https://t.co/ZHoU3fBd6M",2019-04-24 14:21:38,,,0,Positive
300,RT @narendramodi: TMC bullying isn't going to stop BJP! West Bengal has decided to vote BJP...watch from Asansol. https://t.co/kymSxt5oLd,2019-04-24 14:21:37,,,6222,Neutral
301,"RT @narendramodi: The campaign takes me to parts of Jharkhand and West Bengal. 

Will speak at a rally in Lohardaga.

Will then address ral‚Ä¶",2019-04-24 14:21:37,,,3350,Neutral
302,"RT @bjparvind: Karnataka govt has arrested Mahesh Hegde

Vendetta politics of @hd_kumaraswamy's govt exposes their desperation of loosing e‚Ä¶",2019-04-24 14:21:35,,,138,Neutral
303,@MaheishGirri @TajinderBagga @GautamGambhir @narendramodi This is the fragrance of BJP:),2019-04-24 14:21:34,,,0,Highly Positive
304,"RT @KirtiVaib: @narendramodi double standards of @BJP4India 
unreliable Modi Government
#youthagainstmodi
#csatvictims #compensatoryAttempt‚Ä¶",2019-04-24 14:21:34,,,14,Neutral
305,RT @BhaavnaArora: Are the liberals going to boycott haircuts now that Jawed Habib has joined BJP?,2019-04-24 14:21:31,,,1293,Neutral
306,"RT @htTweets: BJP candidate Pragya Singh Thakur files nomination from Bhopal Lok Sabha constituency

(News agency ANI) 

#LokSabhaElections‚Ä¶",2019-04-24 14:21:30,,,4,Neutral
307,"RT @Ish_Bhandari: Even out of power, ‚ÄúLiberals ‚Äú are fascists. 

Minute anyone does anything involving BJP, all his life &amp; work comes under‚Ä¶",2019-04-24 14:21:29,,,333,Neutral
308,"@TypoMantri @coolfrnds4u @ArannyoSen @DearthOfSid Given a suitable deal , she will jump to side with BJP .",2019-04-24 14:21:25,,,0,Highly Positive
309,RT @Anilsharma_dir: 56 inch ka Seena toh tha ab 62 inch ka bhi aa gaya .. congratulations my favourite @iamsunnydeol for joining #BJP https‚Ä¶,2019-04-24 14:21:23,,,79,Neutral
310,"RT @vschanna: One astrologer P.S.Reddy's predictions received on WhatsApp.

Modi/BJP to get 363
Cong to get less than 55

RahulG to lose fr‚Ä¶",2019-04-24 14:21:23,,,36,Negative
311,"RT @srivatsayb: ""BJP is denying vocal Dalit members like Udit Raj tickets because they just won‚Äôt fall in line""

This is absolutely true. B‚Ä¶",2019-04-24 14:21:22,,,37,Positive
312,RT @advmonikaarora: Amethi has 5 assembly constituencies out of which Congress lost all. BJP won 4 assembly seats and SP won 1 MLA seat. Wi‚Ä¶,2019-04-24 14:21:22,,,67,Neutral
313,"RT @BJP4India: No one can imagine such a huge rally of BJP in West Bengal.

After few phases of elections, Didi has lost the 'little hope'‚Ä¶",2019-04-24 14:21:21,,,193,Positive
314,"@pra117 @abhijitmajumder Of course they will. No doubt about it.

But don't you think if it is a BJP rally then you‚Ä¶ https://t.co/2Yt6oC6i8p",2019-04-24 14:21:19,,,0,Neutral
315,"RT @narendramodi: Didi will again be angry today, seeing the immense support for BJP in West Bengal. Watch from Bolpur. https://t.co/fUrfsh‚Ä¶",2019-04-24 14:21:19,,,4062,Negative
316,"#IndiaElections2019 

BJP for sure",2019-04-24 14:21:18,,,0,Highly Positive
317,"RT @raghav_chadha: I will be moving the Delhi High Court against wrongful acceptance of nomination papers of BJP's South Delhi Candidate, R‚Ä¶",2019-04-24 14:21:16,,,50,Positive
318,RT @RealHistoryPic: Raj Thackeray invited the family on the stage whose image was used by BJP IT cell to show development of Modi. üòÇüòÇüòÇüòÇüòÇüòÇüòÇüòÇ‚Ä¶,2019-04-24 14:21:15,,,3212,Neutral
319,"@LambaAlka Criticism of our PM interview given to Akshay kumar,Today all people of India are thankful to Congress p‚Ä¶ https://t.co/yqjblgNK5W",2019-04-24 14:21:15,,,0,Neutral
320,RT @vschanna: Glad Udit Raj is denied a renomination as BJP candidate from NW-Delhi seat. ThIs ungrateful opportunist is also a prime leade‚Ä¶,2019-04-24 14:21:14,,,80,Highly Positive
321,@RoflSinha BJP haregi is bar,2019-04-24 14:21:14,,,0,Neutral
322,"RT @bjparvind: Karnataka govt has arrested Mahesh Hegde

Vendetta politics of @hd_kumaraswamy's govt exposes their desperation of loosing e‚Ä¶",2019-04-24 14:21:13,,,138,Neutral
323,RT @yadavakhilesh: EVMs across India malfunctioning or voting for the BJP. DMs say poll officials untrained to operate EVMs. 350+ being rep‚Ä¶,2019-04-24 14:21:13,,,3030,Neutral
324,"@Payal_Rohatgi You are the best. Please provide regular content like Dhruv Raathi, who continuously  vomits poison‚Ä¶ https://t.co/Nz72ucDI1F",2019-04-24 14:21:12,,,0,Highly Positive
325,"RT @Nehr_who: BJP candidates Speech:

RS katheria: Will cut fingers raised on us

Satpal Singh: Will chop off arms raised on Modi

Manoj Si‚Ä¶",2019-04-24 14:21:11,,,54,Neutral
326,"@rahulkanwal here a cow thete a cow
It's cows or BJP everywhere @Sadhvi_PragyaS
Lok Sabha Elections 2019: ‚ÄòBJP comm‚Ä¶ https://t.co/0ybWloNE7i",2019-04-24 14:21:09,,,0,Negative
327,"No water for farming.
Farming has become a loss making job.

While Mallya and Nirav Modi fled away with crores of r‚Ä¶ https://t.co/ifHXspHpeI",2019-04-24 14:21:06,,,0,Neutral
328,"RT @raghav_chadha: I will be moving the Delhi High Court against wrongful acceptance of nomination papers of BJP's South Delhi Candidate, R‚Ä¶",2019-04-24 14:21:06,,,50,Positive
329,"RT @BJP4India: No one can imagine such a huge rally of BJP in West Bengal.

After few phases of elections, Didi has lost the 'little hope'‚Ä¶",2019-04-24 14:21:05,,,193,Positive
330,@MrsGandhi @narendramodi Seems BJP will clean sweep,2019-04-24 14:21:04,,,0,Positive
331,"RT @BJP4India: No one can imagine such a huge rally of BJP in West Bengal.

After few phases of elections, Didi has lost the 'little hope'‚Ä¶",2019-04-24 14:21:04,,,193,Positive
332,@MrsGandhi @ashokgehlot51 Ok tell about BJP promises of 2014,2019-04-24 14:21:03,,,0,Highly Positive
333,RT @narendramodi: TMC bullying isn't going to stop BJP! West Bengal has decided to vote BJP...watch from Asansol. https://t.co/kymSxt5oLd,2019-04-24 14:21:01,,,6222,Neutral
334,"RT @bjparvind: Karnataka govt has arrested Mahesh Hegde

Vendetta politics of @hd_kumaraswamy's govt exposes their desperation of loosing e‚Ä¶",2019-04-24 14:21:00,,,138,Neutral
335,@Sunsin11 @MajidExM @alipakistani500 @neer345 @Bewda786 @Coco_Shifu @Gubomaster @Ek_Hindustaani @SenRehmanMalik‚Ä¶ https://t.co/ww4O2Vehvi,2019-04-24 14:21:00,,,0,Neutral
336,RT @Hardism: BJP at next Ram Mandir hearing. #SunnyDeol https://t.co/f4HkR3g8x1,2019-04-24 14:21:00,,,365,Neutral
337,"RT @raghav_chadha: I will be moving the Delhi High Court against wrongful acceptance of nomination papers of BJP's South Delhi Candidate, R‚Ä¶",2019-04-24 14:21:00,,,50,Positive
338,"RT @BhavikaKapoor5: Couple of hundreds defamed and embarrassed my great religion. ""Sanaatan Dharm"". Feeling uneasy.

Goons and criminals of‚Ä¶",2019-04-24 14:20:58,,,137,Highly Positive
339,"RT @narendramodi: Didi will again be angry today, seeing the immense support for BJP in West Bengal. Watch from Bolpur. https://t.co/fUrfsh‚Ä¶",2019-04-24 14:20:58,,,4064,Negative
340,"RT @raghav_chadha: I will be moving the Delhi High Court against wrongful acceptance of nomination papers of BJP's South Delhi Candidate, R‚Ä¶",2019-04-24 14:20:56,,,50,Positive
341,"RT @madhukishwar: But all we see you do in effect is ""unite against BJP"" . It's convenient to issue pious statements against IS sitting afa‚Ä¶",2019-04-24 14:20:55,,,408,Neutral
342,RT @BJP4Bengal: The impact of MODI TSUNAMI -  @mamataofficial appeals everyone to vote for BJP! The first time she's made any sense during‚Ä¶,2019-04-24 14:20:54,,,1539,Positive
343,"RT @anigalla: BJP IT Cell has lifted a family's photo from FB and passed of as poor people who came out of poverty because of Modi Govt.

T‚Ä¶",2019-04-24 14:20:53,,,33,Negative
344,"RT @ripunbora: U can make people wear BJP caps and BJP scarves,

But can't make the same people vote BJP, 
as this woman saysüëá
@INCIndia @I‚Ä¶",2019-04-24 14:20:52,,,4,Neutral
345,RT @indiaonlinepoll: The MAHABHARAT of India. MODI vs RAHUL Who is going to make it in FINALS? Should MODI be given a chance for the 2nd ti‚Ä¶,2019-04-24 14:20:50,,,264,Neutral
346,"RT @BJP4India: Bengal has been pushed to such a depressing situation where Didi has 'Mamata' for goons &amp; 'Nirmamata' for the people.

TMC t‚Ä¶",2019-04-24 14:20:49,,,133,Negative
347,RT @Dev_Fadnavis: At #VijaySankalpSabha in Kurla for BJP Candidate @poonam_mahajan for Mumbai North Central https://t.co/vIWrltEeti,2019-04-24 14:20:48,,,57,Neutral
348,"RT @SaiBabushaan: Superstar #BabushaanMohanty accompany BJP LS candidates #BaijayantJaypanda in the mega roadshow being held in Rajkanika,‚Ä¶",2019-04-24 14:20:46,,,15,Neutral
349,"RT @Vedansh14178663: ""This will have electrifying effect for BJP to chose sitting MP @KirronKherBJP  as its candidate for the Lok Sabha ele‚Ä¶",2019-04-24 14:20:45,,,0,Neutral
350,RT @narendramodi: The Government that New India wants and why BJP is the preferred choice of the youth‚Ä¶ https://t.co/HYUjOrKjup,2019-04-24 14:20:45,,,3055,Positive
351,"RT @BJP4India: Bengal has been pushed to such a depressing situation where Didi has 'Mamata' for goons &amp; 'Nirmamata' for the people.

TMC t‚Ä¶",2019-04-24 14:20:44,,,133,Negative
352,"RT @raghav_chadha: I will be moving the Delhi High Court against wrongful acceptance of nomination papers of BJP's South Delhi Candidate, R‚Ä¶",2019-04-24 14:20:43,,,50,Positive
353,"RT @Stateofthings2: @girishalva @mvmeet Why are BJP supporters who are extremely decent and mild subjected to such harrassment?

@narendram‚Ä¶",2019-04-24 14:20:41,,,3,Positive
354,"RT @BJP4India: Bengal has been pushed to such a depressing situation where Didi has 'Mamata' for goons &amp; 'Nirmamata' for the people.

TMC t‚Ä¶",2019-04-24 14:20:40,,,133,Negative
355,RT @SagarAc99: Dear @RahulGandhi @INCIndia @INCKarnataka the Anti national steps from ur so called Coalition Govt. in Karnataka ll definite‚Ä¶,2019-04-24 14:20:38,,,1,Neutral
356,"RT @BJP4Karnataka: We heart fully thank all our Karyakarthas &amp; supporters for your hardwork during this elections.

Your efforts will defin‚Ä¶",2019-04-24 14:20:38,,,488,Neutral
357,"@BhavanBadrinath @Mohanbhagwat13 ,Please ensure our cadres work hard to ensure Modiji and BJP back in power in.the ensuing elections .",2019-04-24 14:20:37,,,0,Negative
358,"RT @narendramodi: Had an extensive interaction with trader friends from across India.
For decades, Congress gave the nation License Raj, Pe‚Ä¶",2019-04-24 14:20:36,,,3075,Neutral
359,"RT @raghav_chadha: I will be moving the Delhi High Court against wrongful acceptance of nomination papers of BJP's South Delhi Candidate, R‚Ä¶",2019-04-24 14:20:36,,,50,Positive
360,RT @Abc_11_jk: #Breaking: Gujarat BJP‚Äôs minister Jawahar Chavda‚Äôs supporters do not let people exercise right of voting in Rafala town in M‚Ä¶,2019-04-24 14:20:32,,,946,Positive
361,@_PareshBhatt Hi! I am not sure that which tweets of mine give that impression. Yes- Modi is in a pole position and‚Ä¶ https://t.co/3kDauqy7ib,2019-04-24 14:20:29,,,0,Negative
362,"@AskAnshul They just are for lip service and vote bank. BJP is the only party which considers everyone equal, ones‚Ä¶ https://t.co/9nbohJoXbz",2019-04-24 14:20:28,,,0,Neutral
363,"RT @ShashiTharoor: As we enter the last phases of this election, it is time to recall again @pbmehta's dire warning: ""the BJP stand for eve‚Ä¶",2019-04-24 14:20:26,,,143,Neutral
364,"RT @narendramodi: Those born in the 21st century, our first time voters have only seen BJD misrule. 

A vote for BJP in Odisha is a vote to‚Ä¶",2019-04-24 14:20:25,,,3042,Positive
365,@PoliteVersion BJP losing seats in Gujarat is a bad sign. Having said that- talked to someone in BJP may+Goa team.‚Ä¶ https://t.co/PG44WtPac9,2019-04-24 14:20:22,,,0,Highly Negative
366,"RT @KanchanGupta: This turnout for #ModiRally at Ranaghat in #WestBengal tells a story. Before 'Poriborton' (Change), TMC had coined the sl‚Ä¶",2019-04-24 14:20:22,,,455,Neutral
367,"RT @bjparvind: Karnataka govt has arrested Mahesh Hegde

Vendetta politics of @hd_kumaraswamy's govt exposes their desperation of loosing e‚Ä¶",2019-04-24 14:20:18,,,138,Neutral
368,"RT @raghav_chadha: I will be moving the Delhi High Court against wrongful acceptance of nomination papers of BJP's South Delhi Candidate, R‚Ä¶",2019-04-24 14:20:18,,,50,Positive
369,Raju yadav a young leader speaks on issues. Issues of young India. Whereas BJP has based elections on person and no‚Ä¶ https://t.co/TUr0rphqYH,2019-04-24 14:20:17,,,1,Positive
370,@vi_vibhavjoshi he lost Vidhan Sabha elections last time. the fact that his son is married to laloo's daughter may‚Ä¶ https://t.co/nPrBuFfKSj,2019-04-24 14:20:16,,,0,Positive
371,RT @BJP4Bengal: The impact of MODI TSUNAMI -  @mamataofficial appeals everyone to vote for BJP! The first time she's made any sense during‚Ä¶,2019-04-24 14:20:15,,,1539,Positive
372,"RT @sidmtweets: 1) ANI uses its platform to run a political promotion using Akshay Kumar to benefit the PM

2) ANI uses its platform to dis‚Ä¶",2019-04-24 14:20:14,,,139,Neutral
373,"RT @srivatsayb: ""BJP is denying vocal Dalit members like Udit Raj tickets because they just won‚Äôt fall in line""

This is absolutely true. B‚Ä¶",2019-04-24 14:20:14,,,37,Positive
374,RT @Dev_Fadnavis: At #VijaySankalpSabha in Satana for BJP Candidate @DrSubhashMoS for Dhule  #BharatKaGarvModi https://t.co/4qp2Cka9F4,2019-04-24 14:20:14,,,170,Neutral
375,@partha2019LS BJP is gone. That's why Modi and Shah are fighting to remain at least MP's from their respective constituencies.,2019-04-24 14:20:09,,,0,Negative
376,"RT @ANI: #WATCH Congress President Rahul Gandhi in Jabalpur, Madhya Pradesh says, ""Murder accused BJP President Amit Shah....waah! kya shaa‚Ä¶",2019-04-24 14:20:09,,,1409,Neutral
377,"@IndiaToday Criticism of our PM interview given to Akshay kumar,Today all people of India are thankful to Congress‚Ä¶ https://t.co/ep21KAZx2H",2019-04-24 14:20:08,,,0,Neutral
378,RT @ielvisgomes: Election of shame ? Mock poll with 9 votes for each of 6 candidates in booth no 31 in 34 AC in Goa. Total count BJP gets 1‚Ä¶,2019-04-24 14:20:08,,,3084,Neutral
379,"@TypoMantri When they said they won't align with anyone at all, they were just a new born party being naive. But I‚Ä¶ https://t.co/C3AhvWHoUG",2019-04-24 14:20:05,,,0,Negative
380,"RT @narendramodi: Those born in the 21st century, our first time voters have only seen BJD misrule. 

A vote for BJP in Odisha is a vote to‚Ä¶",2019-04-24 14:20:05,,,3042,Positive
381,RT @narendramodi: The Government that New India wants and why BJP is the preferred choice of the youth‚Ä¶ https://t.co/HYUjOrKjup,2019-04-24 14:20:03,,,3055,Positive
382,"RT @narendramodi: Didi will again be angry today, seeing the immense support for BJP in West Bengal. Watch from Bolpur. https://t.co/fUrfsh‚Ä¶",2019-04-24 14:20:01,,,4065,Negative
383,"RT @BJP4India: Bengal has been pushed to such a depressing situation where Didi has 'Mamata' for goons &amp; 'Nirmamata' for the people.

TMC t‚Ä¶",2019-04-24 14:20:00,,,133,Negative
384,@bringBJPBack @abhijitmajumder Is there any doubt they aren't going to vote for bjp,2019-04-24 14:20:00,,,0,Neutral
385,"RT @Nehr_who: BJP candidates Speech:

RS katheria: Will cut fingers raised on us

Satpal Singh: Will chop off arms raised on Modi

Manoj Si‚Ä¶",2019-04-24 14:20:00,,,54,Neutral
386,RT @FeignShourie: BJP IT Cell has lifted a family's photo from FB and passed of as poor people who came out of poverty because of Modi Govt‚Ä¶,2019-04-24 14:19:59,,,1081,Negative
387,"Sadhvi is BJP choice, who is on bail on terror charges. God bless India.  https://t.co/FjYRngUCNi",2019-04-24 14:19:59,,,0,Neutral
388,"RT @BJP4India: No one can imagine such a huge rally of BJP in West Bengal.

After few phases of elections, Didi has lost the 'little hope'‚Ä¶",2019-04-24 14:19:58,,,193,Positive
389,"RT @BJP4India: Bengal has been pushed to such a depressing situation where Didi has 'Mamata' for goons &amp; 'Nirmamata' for the people.

TMC t‚Ä¶",2019-04-24 14:19:58,,,133,Negative
390,@Rahulmullakkal @BJP4Keralam @Kummanam @psspillaibjp @sandeepvarier Taking communists to court for false allegation‚Ä¶ https://t.co/ve2hBFUK13,2019-04-24 14:19:58,,,0,Negative
391,RT @ganeshchetan: How can BJP supporters trend #IStandWithMaheshHegde if he has done this? Does BJP support criminal anti national activiti‚Ä¶,2019-04-24 14:19:58,,,35,Negative
392,"RT @ShashiTharoor: As we enter the last phases of this election, it is time to recall again @pbmehta's dire warning: ""the BJP stand for eve‚Ä¶",2019-04-24 14:19:57,,,143,Neutral
393,RT @rupagulab: Hats off to @RahulGandhi. He‚Äôs faced onslaught after onslaught from BJP goondas (including the Prime Chowkidar &amp; his crimina‚Ä¶,2019-04-24 14:19:56,,,669,Neutral
394,"RT @BJP4India: No one can imagine such a huge rally of BJP in West Bengal.

After few phases of elections, Didi has lost the 'little hope'‚Ä¶",2019-04-24 14:19:54,,,193,Positive
395,"#NewDelhi: BJP candidate believes cow urine, dung can cure cancer, reports from India say
https://t.co/jJ0SkVj9kB",2019-04-24 14:19:50,,,0,Negative
396,"RT @BJP4India: Bengal has been pushed to such a depressing situation where Didi has 'Mamata' for goons &amp; 'Nirmamata' for the people.

TMC t‚Ä¶",2019-04-24 14:19:49,,,133,Negative
397,Mam I am a BJP supporter but also an admirer of your vocal skills on debate shows. I always used to think to tweet‚Ä¶ https://t.co/G4TgvQBe7t,2019-04-24 14:19:48,,,0,Neutral
398,RT @Congressi_Beti: The decision to rope in a Bollywood actor for an interview smacked of BJP‚Äôs desperation and sign of nervousness after t‚Ä¶,2019-04-24 14:19:46,,,10,Neutral
399,"RT @narendramodi: Didi will again be angry today, seeing the immense support for BJP in West Bengal. Watch from Bolpur. https://t.co/fUrfsh‚Ä¶",2019-04-24 14:19:45,,,4065,Negative
400,RT @RealHistoryPic: Raj Thackeray invited the family on the stage whose image was used by BJP IT cell to show development of Modi. üòÇüòÇüòÇüòÇüòÇüòÇüòÇüòÇ‚Ä¶,2019-04-24 14:19:45,,,3212,Neutral
401,BJP MP Udith Raj joined congress in Delhi | Congress v/s BJP | loksabha election in Delhi | news https://t.co/2jp8x4RRXm,2019-04-24 14:19:45,,,0,Neutral
402,"RT @dhruv_rathee: I feel bad for Chowkidars of Modi

- First they had to defend the fact that Bomb Blast accused is BJP candidate

- Now th‚Ä¶",2019-04-24 14:19:44,,,5667,Negative
403,RT @bhak_sala: Why are anti-BJP people so obsessed with Chaddis of people who support BJP. What fascinates them so much? https://t.co/dz1NG‚Ä¶,2019-04-24 14:19:43,,,164,Negative
404,"RT @ashu111288: Since current karnataka Govt. cannot fight straight with BJP leaders, 

they attack at the party workers. 

Why did they ev‚Ä¶",2019-04-24 14:19:43,,,285,Positive
405,"RT @narendramodi: Didi will again be angry today, seeing the immense support for BJP in West Bengal. Watch from Bolpur. https://t.co/fUrfsh‚Ä¶",2019-04-24 14:19:42,,,4065,Negative
406,"RT @raghav_chadha: I will be moving the Delhi High Court against wrongful acceptance of nomination papers of BJP's South Delhi Candidate, R‚Ä¶",2019-04-24 14:19:41,,,50,Positive
407,"RT @narendramodi: Didi will again be angry today, seeing the immense support for BJP in West Bengal. Watch from Bolpur. https://t.co/fUrfsh‚Ä¶",2019-04-24 14:19:41,,,4065,Negative
408,"RT @drgynaec: Breaking News:- #Sunny joined BJP.
#SunnyLeone            #SunnyDeol
Expectation                 Reality
         üëá‚Ä¶",2019-04-24 14:19:39,,,2,Neutral
409,RT @shrutisg: BJP govt's wrong policies has affected once rich milk economy of western Maharashtra. Farmers r hardly getting any returns fr‚Ä¶,2019-04-24 14:19:38,,,10,Negative
410,"RT @BJP4India: No one can imagine such a huge rally of BJP in West Bengal.

After few phases of elections, Didi has lost the 'little hope'‚Ä¶",2019-04-24 14:19:38,,,193,Positive
411,@Monika_BJP Right ma‚Äôam,2019-04-24 14:19:37,,,0,Positive
412,"RT @amarspks: TMC worker brandished a gun to 'save democracy‚Äô. Why‚Äôs RW outraging over the matter? Don‚Äôt they know, rules to maintain L&amp;O i‚Ä¶",2019-04-24 14:19:37,,,2,Neutral
413,"RT @BJP4India: Bengal has been pushed to such a depressing situation where Didi has 'Mamata' for goons &amp; 'Nirmamata' for the people.

TMC t‚Ä¶",2019-04-24 14:19:37,,,133,Negative
414,RT @akashbanerjee: .... basically the entire BJP election strategy for 2019. https://t.co/345d9SP5Qz,2019-04-24 14:19:36,,,926,Neutral
415,"RT @narendramodi: Didi will again be angry today, seeing the immense support for BJP in West Bengal. Watch from Bolpur. https://t.co/fUrfsh‚Ä¶",2019-04-24 14:19:36,,,4065,Negative
416,RT @richa_TNIE: Disgruntled BJP MP and dalit leader Udit Raj joins Congress.  @NewIndianXpress https://t.co/ypVBJYlNkF,2019-04-24 14:19:35,,,4,Neutral
417,"RT @AnupamConnects: Police complaint lodged against BJP IT cell chief and a portal named 'Frustrated Indian' at the office of DCP Crime, Ka‚Ä¶",2019-04-24 14:19:35,,,753,Highly Negative
418,"RT @TIP_Pradhanjii: BSP supporters in Bareilly, budaun, Aonla voted for BJP after unable to find Elephant symbol on evm machines üòÜüòÜ . 

Aur‚Ä¶",2019-04-24 14:19:35,,,462,Highly Negative
419,"RT @PoulomiMSaha: News of press conference by @narendramodi is completely wrong. BJP has officially denied it. 

Between 25th and 26th Apri‚Ä¶",2019-04-24 14:19:34,,,69,Highly Negative
420,RT @akashbanerjee: .... basically the entire BJP election strategy for 2019. https://t.co/345d9SP5Qz,2019-04-24 14:19:33,,,926,Neutral
421,RT @akashbanerjee: .... basically the entire BJP election strategy for 2019. https://t.co/345d9SP5Qz,2019-04-24 14:19:33,,,926,Neutral
422,"RT @BhavikaKapoor5: These elements are being used to their best for Modi win :
- Election Commission 
- Media owners
- Abuse of Money
- EVM‚Ä¶",2019-04-24 14:19:31,,,71,Highly Positive
423,RT @narendramodi: The Government that New India wants and why BJP is the preferred choice of the youth‚Ä¶ https://t.co/HYUjOrKjup,2019-04-24 14:19:31,,,3055,Positive
424,"RT @BJP4India: No one can imagine such a huge rally of BJP in West Bengal.

After few phases of elections, Didi has lost the 'little hope'‚Ä¶",2019-04-24 14:19:30,,,193,Positive
425,@sumanthraman @ndtv In other words they voted for BJP?,2019-04-24 14:19:29,,,0,Negative
426,RT @republic: #ShahSpeaksToArnab | Stay tuned to @Republic_Bharat for an unmissable interview of @AmitShah as the BJP chief speaks to Arnab‚Ä¶,2019-04-24 14:19:28,,,357,Neutral
427,"RT @JantaKaReporter: Unforgiving fans say 'shame on you' to @akshaykumar for 'helping BJP' using his social media pages during elections, o‚Ä¶",2019-04-24 14:19:27,,,46,Positive
428,"RT @narendramodi: Didi will again be angry today, seeing the immense support for BJP in West Bengal. Watch from Bolpur. https://t.co/fUrfsh‚Ä¶",2019-04-24 14:19:27,,,4065,Negative
429,RT @akashbanerjee: .... basically the entire BJP election strategy for 2019. https://t.co/345d9SP5Qz,2019-04-24 14:19:27,,,926,Neutral
430,"RT @BJP4India: No one can imagine such a huge rally of BJP in West Bengal.

After few phases of elections, Didi has lost the 'little hope'‚Ä¶",2019-04-24 14:19:27,,,193,Positive
431,RT @RealHistoryPic: It's hilarious how BJP IT Cell is targeting him even though he didn't mention which party's symbol was displayed by VVP‚Ä¶,2019-04-24 14:19:26,,,109,Highly Positive
432,"RT @raghav_chadha: I will be moving the Delhi High Court against wrongful acceptance of nomination papers of BJP's South Delhi Candidate, R‚Ä¶",2019-04-24 14:19:26,,,50,Positive
433,"RT @Nehr_who: BJP candidates Speech:

RS katheria: Will cut fingers raised on us

Satpal Singh: Will chop off arms raised on Modi

Manoj Si‚Ä¶",2019-04-24 14:19:25,,,54,Neutral
434,"RT @DeshGujarat: Record break 64.11% turnout in Lok Sabha elections 2019 in Gujarat, highest ever in state, even more than 2014 'wave elect‚Ä¶",2019-04-24 14:19:25,,,32,Highly Positive
435,"RT @BJP4India: Through PM Kisan yojana, we want to provide financial assistance to the farmers of West Bengal. However, they haven't given‚Ä¶",2019-04-24 14:19:25,,,206,Neutral
436,"RT @narendramodi: Didi will again be angry today, seeing the immense support for BJP in West Bengal. Watch from Bolpur. https://t.co/fUrfsh‚Ä¶",2019-04-24 14:19:23,,,4065,Negative
437,"RT @BJP4India: Bengal has been pushed to such a depressing situation where Didi has 'Mamata' for goons &amp; 'Nirmamata' for the people.

TMC t‚Ä¶",2019-04-24 14:19:22,,,133,Negative
438,"RT @BJP4India: Bengal has been pushed to such a depressing situation where Didi has 'Mamata' for goons &amp; 'Nirmamata' for the people.

TMC t‚Ä¶",2019-04-24 14:19:20,,,133,Negative
439,"RT @SwamiGeetika: @narendramodi This old woman to realize how PM Modi‚Äôs Ayushman Bharat, Awaas Yojna And Ujjwala Has benefited the lives of‚Ä¶",2019-04-24 14:19:20,,,128,Positive
440,"RT @BJP4India: No one can imagine such a huge rally of BJP in West Bengal.

After few phases of elections, Didi has lost the 'little hope'‚Ä¶",2019-04-24 14:19:18,,,193,Positive
441,"RT @BJP4India: No one can imagine such a huge rally of BJP in West Bengal.

After few phases of elections, Didi has lost the 'little hope'‚Ä¶",2019-04-24 14:19:16,,,193,Positive
442,RT @rvaidya2000: Crazy TN chnnls:In adjacent SL Islamist Jihadis bombed at killed 350 +ppl in Churches and hotels--These breaking India for‚Ä¶,2019-04-24 14:19:15,,,189,Negative
443,"RT @ShashiTharoor: As we enter the last phases of this election, it is time to recall again @pbmehta's dire warning: ""the BJP stand for eve‚Ä¶",2019-04-24 14:19:13,,,143,Neutral
444,"RT @narendramodi: Didi will again be angry today, seeing the immense support for BJP in West Bengal. Watch from Bolpur. https://t.co/fUrfsh‚Ä¶",2019-04-24 14:19:11,,,4065,Negative
445,"RT @madhukishwar: But all we see you do in effect is ""unite against BJP"" . It's convenient to issue pious statements against IS sitting afa‚Ä¶",2019-04-24 14:19:10,,,408,Neutral
446,"RT @BJP4India: Bengal has been pushed to such a depressing situation where Didi has 'Mamata' for goons &amp; 'Nirmamata' for the people.

TMC t‚Ä¶",2019-04-24 14:19:08,,,133,Negative
447,Upper caste Hindus have social groups and colleagues all full of other UCs and then they are convinced that ALL Hin‚Ä¶ https://t.co/u6Ys1z2gDe,2019-04-24 14:19:07,,,0,Positive
448,"After phase 3, things are a bit confusing. BJP is struggling. But Congress seems to have done badly in Karnataka. W‚Ä¶ https://t.co/PlD2gO9PCm",2019-04-24 14:19:07,,,0,Negative
449,"RT @srivatsayb: Urmila Matondkar has been a revelation

Mumbai North was the toughest seat for Congress in probably the whole of Maharashtr‚Ä¶",2019-04-24 14:19:06,,,658,Positive
450,"RT @raghav_chadha: I will be moving the Delhi High Court against wrongful acceptance of nomination papers of BJP's South Delhi Candidate, R‚Ä¶",2019-04-24 14:19:06,,,50,Positive
451,"RT @dhruv_rathee: I feel bad for Chowkidars of Modi

- First they had to defend the fact that Bomb Blast accused is BJP candidate

- Now th‚Ä¶",2019-04-24 14:19:06,,,5667,Negative
452,RT @akashbanerjee: .... basically the entire BJP election strategy for 2019. https://t.co/345d9SP5Qz,2019-04-24 14:19:05,,,926,Neutral
453,"RT @BJP4India: No one can imagine such a huge rally of BJP in West Bengal.

After few phases of elections, Didi has lost the 'little hope'‚Ä¶",2019-04-24 14:19:03,,,193,Positive
454,"RT @sanshar3: Free &amp; Equitable Healthcare is the Right of every citizen.

Let's fight to get rid of policies of privatization, to free our‚Ä¶",2019-04-24 14:19:02,,,1,Positive
455,RT @free_thinker: BJP has denied reports that the PM has suddenly summoned the courage to address a Press Conference. https://t.co/diq5imQU‚Ä¶,2019-04-24 14:19:02,,,179,Neutral
456,"This Will happen To All bjp supporters If UPA Comes To Power 
#IStandWithMaheshHegde https://t.co/5oiHBV48ko",2019-04-24 14:19:00,,,0,Neutral
457,RT @IamIconoclast: #ChintamaniSpeaks #Elections2019 @Election_in Firozabad voter turnout is down by a whopping 9%. The buzz is that the lar‚Ä¶,2019-04-24 14:18:58,,,39,Negative
458,&amp; the Congis attributed ‚Äúbetter advertising‚Äù to Modi and BJP‚Äôs spectacular win. They had no real issue to trash Mod‚Ä¶ https://t.co/4GIw1e3jii,2019-04-24 14:18:58,72.74484, 18.845343,0,Positive
459,RT @rvaidya2000: Crazy TN chnnls:In adjacent SL Islamist Jihadis bombed at killed 350 +ppl in Churches and hotels--These breaking India for‚Ä¶,2019-04-24 14:18:56,,,189,Negative
460,RT @scroll_in: Opinion: Pragya Thakur‚Äôs candidacy is only one more building block in the BJP‚Äôs Hindu rashtra https://t.co/odZMdLnVrY | @Anj‚Ä¶,2019-04-24 14:18:55,,,2,Positive
461,"RT @Ibne_Sena: Bloody Terrorists once again threatened @BJP4India karykartas from Kashmir over their political affiliation.

It itself mean‚Ä¶",2019-04-24 14:18:55,,,385,Negative
462,RT @narendramodi: The Government that New India wants and why BJP is the preferred choice of the youth‚Ä¶ https://t.co/HYUjOrKjup,2019-04-24 14:18:53,,,3055,Positive
463,"RT @raghav_chadha: I will be moving the Delhi High Court against wrongful acceptance of nomination papers of BJP's South Delhi Candidate, R‚Ä¶",2019-04-24 14:18:53,,,50,Positive
464,"RT @cpimlliberation: Vote Out BJP's Agenda Of Hate 
Lock, Stock, And Barrel!
Vote for Jobs, Education, Healthcare For All! 
Vote for Wealth‚Ä¶",2019-04-24 14:18:53,,,21,Highly Negative
465,"RT @BJP4JnK: BJP State President Sh. @RavinderBJPJK, BJP State General Secretary (Org) Sh. @AshokKoul59 and other senior party leaders paid‚Ä¶",2019-04-24 14:18:53,,,10,Negative
466,"RT @narendramodi: Didi will again be angry today, seeing the immense support for BJP in West Bengal. Watch from Bolpur. https://t.co/fUrfsh‚Ä¶",2019-04-24 14:18:51,,,4065,Negative
467,"RT @KanchanGupta: This turnout for #ModiRally at Ranaghat in #WestBengal tells a story. Before 'Poriborton' (Change), TMC had coined the sl‚Ä¶",2019-04-24 14:18:50,,,455,Neutral
468,"RT @BJP4India: No one can imagine such a huge rally of BJP in West Bengal.

After few phases of elections, Didi has lost the 'little hope'‚Ä¶",2019-04-24 14:18:48,,,193,Positive
469,RT @Vishj05: Akshay Kumar showed Modi ji Photoshopped image by Krishna. Modi ji was surprised that despite such brilliant photoshopping ski‚Ä¶,2019-04-24 14:18:48,,,36,Positive
470,RT @Swamy39: Day by day it is becoming clear that voter has a mature understanding not to repeat Jaichand Godse blunder of empowering natio‚Ä¶,2019-04-24 14:18:48,,,4626,Positive
471,RT @arungiri: Bjp takes down the page containing the advertisement that Raj Thackeray referred in his speech yday. No doubt he s the best f‚Ä¶,2019-04-24 14:18:47,,,265,Positive
472,RT @ArvindKejriwal: Absolutely shocking. All ‚Äúfaulty‚Äù EVMs deliver votes to BJP. https://t.co/lBQssZKzqk,2019-04-24 14:18:45,,,3146,Highly Negative
473,"RT @BJP4India: Bengal has been pushed to such a depressing situation where Didi has 'Mamata' for goons &amp; 'Nirmamata' for the people.

TMC t‚Ä¶",2019-04-24 14:18:45,,,133,Negative
474,"RT @firstpost: On joining #Congress, Udit Raj claimed that the #BJP did not give him a ticket as he had spoken out in support of the Dalits‚Ä¶",2019-04-24 14:18:41,,,4,Neutral
475,"RT @BJP4India: No one can imagine such a huge rally of BJP in West Bengal.

After few phases of elections, Didi has lost the 'little hope'‚Ä¶",2019-04-24 14:18:40,,,193,Positive
476,"Free &amp; Equitable Healthcare is the Right of every citizen.

Let's fight to get rid of policies of privatization, to‚Ä¶ https://t.co/k40z3aWvRA",2019-04-24 14:18:39,,,1,Positive
477,RT @republic: #ShahSpeaksToArnab | Stay tuned to @Republic_Bharat for an unmissable interview of @AmitShah as the BJP chief speaks to Arnab‚Ä¶,2019-04-24 14:18:38,,,357,Neutral
478,"RT @raghav_chadha: I will be moving the Delhi High Court against wrongful acceptance of nomination papers of BJP's South Delhi Candidate, R‚Ä¶",2019-04-24 14:18:38,,,50,Positive
479,"RT @cpimspeak: Continuing with the street corner meetings, our candidate from Sikar Lok Sabha constituency Amra Ram is appealing people to‚Ä¶",2019-04-24 14:18:35,,,13,Highly Positive
480,RT @MandeepBajwa: An EVM that 'votes' only for BJP stuns poll staff in Assam - Times of India https://t.co/JEURjx2ZCa via @timesofindia,2019-04-24 14:18:34,,,63,Neutral
481,@OpIndia_com But the BJP more often than not does roadshows wielding swords and maces!,2019-04-24 14:18:33,,,0,Highly Positive
482,For the last 5 years BJP has done politics of only communal hatred. This time support a leader who believes in the‚Ä¶ https://t.co/arpPKpZ7Pp,2019-04-24 14:18:33,,,0,Neutral
483,RT @akashbanerjee: .... basically the entire BJP election strategy for 2019. https://t.co/345d9SP5Qz,2019-04-24 14:18:33,,,927,Neutral
484,"RT @KanchanGupta: This turnout for #ModiRally at Ranaghat in #WestBengal tells a story. Before 'Poriborton' (Change), TMC had coined the sl‚Ä¶",2019-04-24 14:18:33,,,455,Neutral
485,RT @ndtvfeed: FIR Against Babul Supriyo For Playing BJP Theme Song Banned By Poll Body https://t.co/xOSpedGZqG,2019-04-24 14:18:32,,,6,Neutral
486,RT @rvaidya2000: Crazy TN chnnls:In adjacent SL Islamist Jihadis bombed at killed 350 +ppl in Churches and hotels--These breaking India for‚Ä¶,2019-04-24 14:18:32,,,189,Negative
487,"@Dr_Uditraj @INCIndia You need a party to work for dalits?

And you remembered BJP is dalit virodhi when they didn'‚Ä¶ https://t.co/8A2mUlFQDl",2019-04-24 14:18:31,,,1,Neutral
488,RT @arungiri: 2 parties will take a hit due to flip-flop on their ties with BJP... the JDU &amp; Sena... voters see thru the charade,2019-04-24 14:18:30,,,102,Negative
489,"RT @DaaruBaazMehta: BREAKING:

BJP @GautamGambhir's nomination NOT ACCEPTED after AAP's @AtishiAAP raised an objection over a discrepancy.‚Ä¶",2019-04-24 14:18:29,,,67,Neutral
490,"RT @raghav_chadha: I will be moving the Delhi High Court against wrongful acceptance of nomination papers of BJP's South Delhi Candidate, R‚Ä¶",2019-04-24 14:18:29,,,50,Positive
491,"RT @Nehr_who: BJP candidates Speech:

RS katheria: Will cut fingers raised on us

Satpal Singh: Will chop off arms raised on Modi

Manoj Si‚Ä¶",2019-04-24 14:18:28,,,54,Neutral
492,@SunnyDeol___ Welcome Sunny in BJP,2019-04-24 14:18:28,,,0,Highly Positive
493,"RT @raghav_chadha: I will be moving the Delhi High Court against wrongful acceptance of nomination papers of BJP's South Delhi Candidate, R‚Ä¶",2019-04-24 14:18:28,,,50,Positive
494,"RT @BJP4JnK: #IndiaWantsModiAgain
BJP State General Sec. (Org) Sh @AshokKoul59 addresses party workers in a one day booth workers workshop‚Ä¶",2019-04-24 14:18:27,,,24,Negative
495,RT @bainjal: Half the election is over &amp; based on ground reports I don‚Äôt think the Bjp has performed anywhere close to what they are projec‚Ä¶,2019-04-24 14:18:27,,,557,Negative
496,"RT @ArunSFan: There‚Äôs no Modi wave
There‚Äôs no Rahul wave

But there‚Äôs strong under current to teach arrogant BJP a lesson.

Media is ignori‚Ä¶",2019-04-24 14:18:27,,,22,Positive
497,"CRPF, BSF to Get Bomb-Proof Vehicles for J&amp;K, Naxal-Hit Areas, Government Approves Procurement https://t.co/P75HlekscR",2019-04-24 14:18:25,,,0,Neutral
498,BJP will win elections as nationalism has taken over casteism: Amar Singh - Republic World https://t.co/TVHIXrBr9t,2019-04-24 14:18:24,,,0,Highly Positive
499,RT @narendramodi: TMC bullying isn't going to stop BJP! West Bengal has decided to vote BJP...watch from Asansol. https://t.co/kymSxt5oLd,2019-04-24 14:18:24,,,6222,Neutral
